rank_id,rank,movement,points,competitions_played,competitor_id,name,country,week,country_code,abbreviation
1,1,0,7510,23,sr:competitor:49363,"Pavic, Mate",Croatia,51,HRV,PAV
2,1,0,7510,23,sr:competitor:51836,"Arevalo-Gonzalez, Marcelo",El Salvador,51,SLV,ARE
3,3,0,6655,22,sr:competitor:87690,"Thompson, Jordan",Australia,51,AUS,THO
4,4,0,6500,18,sr:competitor:15568,"Granollers, Marcel",Spain,51,ESP,GRA
5,4,0,6500,18,sr:competitor:16160,"Zeballos, Horacio",Argentina,51,ARG,ZEB
6,6,0,5930,24,sr:competitor:16608,"Mektic, Nikola",Croatia,51,HRV,MEK
7,7,0,5880,20,sr:competitor:36593,"Krawietz, Kevin",Germany,51,DEU,KRA
8,8,0,5840,23,sr:competitor:50954,"Koolhof, Wesley",Netherlands,51,NLD,KOO
9,9,0,5790,19,sr:competitor:52293,"Putz, Tim",Germany,51,DEU,PUT
10,10,0,5785,22,sr:competitor:95801,"Vavassori, Andrea",Italy,51,ITA,VAV
11,11,0,5740,19,sr:competitor:15310,"Bolelli, Simone",Italy,51,ITA,BOL
12,12,0,5730,21,sr:competitor:124658,"Purcell, Max",Australia,51,AUS,PUR
13,13,0,5210,20,sr:competitor:16409,"Ebden, Matthew",Australia,51,AUS,EBD
14,14,0,5165,31,sr:competitor:637970,"Patten, Henry",Great Britain,51,GBR,PAT
15,15,0,5150,20,sr:competitor:15307,"Bopanna, Rohan",India,51,IND,BRO
16,16,0,5145,28,sr:competitor:14898,"Heliovaara, Harri",Finland,51,FIN,HEL
17,17,0,3775,28,sr:competitor:16151,"Venus, Michael",New Zealand,51,NZL,VEN
18,18,0,3670,27,sr:competitor:53785,"Skupski, Neal",Great Britain,51,GBR,SKU
19,19,0,3320,34,sr:competitor:55989,"Withrow, Jackson",USA,51,USA,WIT
20,19,0,3320,34,sr:competitor:210736,"Lammons, Nathaniel",USA,51,USA,LAM
21,21,0,3285,24,sr:competitor:38181,"Molteni, Andres",Argentina,51,ARG,MOL
22,22,0,3105,19,sr:competitor:15548,"Gonzalez, Maximo",Argentina,51,ARG,GON
23,23,0,2940,35,sr:competitor:59131,"Glasspool, Lloyd",Great Britain,51,GBR,GLA
24,24,0,2870,28,sr:competitor:52202,"Nys, Hugo",Monaco,51,MCO,NYS
25,25,0,2780,25,sr:competitor:112805,"Zielinski, Jan",Poland,51,POL,ZIE
26,26,0,2760,25,sr:competitor:16275,"Dodig, Ivan",Croatia,51,HRV,DOD
27,27,0,2710,26,sr:competitor:47834,"Murray, Jamie",Great Britain,51,GBR,MUR
28,28,0,2695,27,sr:competitor:106349,"Reboul, Fabien",France,51,FRA,REB
29,29,0,2685,26,sr:competitor:59324,"Pavlasek, Adam",Czechia,51,CZE,PAV
30,30,0,2650,22,sr:competitor:14553,"Ram, Rajeev",USA,51,USA,RAM
31,31,0,2500,27,sr:competitor:81059,"Gille, Sander",Belgium,51,BEL,GIL
32,31,0,2500,27,sr:competitor:104917,"Vliegen, Joran",Belgium,51,BEL,VLI
33,33,0,2470,20,sr:competitor:74173,"Salisbury, Joe",Great Britain,51,GBR,SAL
34,34,0,2450,34,sr:competitor:206889,"Galloway, Robert",USA,51,USA,GAL
35,35,0,2445,30,sr:competitor:56629,"Peers, John",Australia,51,AUS,PEE
36,36,0,2425,28,sr:competitor:76263,"Matos, Rafael",Brazil,51,BRA,MAT
37,37,0,2355,34,sr:competitor:108099,"Cash, Julian",Great Britain,51,GBR,CAS
38,38,0,2335,32,sr:competitor:106559,"Doumbia, Sadio",France,51,FRA,DOU
39,39,0,2295,26,sr:competitor:16124,"Melo, Marcelo",Brazil,51,BRA,MEL
40,40,0,2280,25,sr:competitor:14835,"Roger-Vasselin, Edouard",France,51,FRA,ROG
41,41,0,2201,28,sr:competitor:45105,"Behar, Ariel",Uruguay,51,URY,BEH
42,42,0,2197,29,sr:competitor:114831,"Erler, Alexander",Austria,51,AUT,ERL
43,43,0,2070,22,sr:competitor:25189,"Krajicek, Austin",USA,51,USA,KRA
44,44,0,2015,27,sr:competitor:47966,"Olivetti, Albano",France,51,FRA,OLI
45,45,0,1980,29,sr:competitor:15305,"Gonzalez, Santiago",Mexico,51,MEX,GON
46,46,0,1975,32,sr:competitor:15588,"Rojer, Jean-Julien",Netherlands,51,NLD,ROJ
47,47,0,1948,30,sr:competitor:78793,"Miedler, Lucas",Austria,51,AUT,MIE
48,48,0,1895,26,sr:competitor:22967,"Bhambri, Yuki",India,51,IND,BHA
49,49,0,1860,34,sr:competitor:48646,"Barrientos, Nicolas",Colombia,51,COL,BAR
50,50,0,1825,11,sr:competitor:300540,"Machac, Tomas",Czechia,51,CZE,MAC
51,51,0,1780,10,sr:competitor:75813,"Zhang, Zhizhen",China,51,CHN,ZHA
52,52,0,1606,34,sr:competitor:108755,"Jebens, Hendrik",Germany,51,DEU,JEB
53,52,0,1606,34,sr:competitor:231188,"Frantzen, Constantin",Germany,51,DEU,FRA
54,54,0,1600,29,sr:competitor:230186,"Verbeek, Sem",Netherlands,51,NLD,VER
55,55,0,1600,31,sr:competitor:47295,"Andreozzi, Guido",Argentina,51,ARG,AND
56,56,0,1587,35,sr:competitor:69362,"Mansouri, Skander",Tunisia,51,TUN,MAN
57,57,0,1555,32,sr:competitor:66864,"Arends, Sander",Netherlands,51,NLD,ARE
58,58,0,1518,33,sr:competitor:62410,"Johnson, Luke",Great Britain,51,GBR,JOH
59,59,0,1475,27,sr:competitor:25457,"Nedovyesov, Aleksandr",Kazakhstan,51,KAZ,NED
60,60,0,1467,30,sr:competitor:49306,"Reyes-Varela, Miguel Angel",Mexico,51,MEX,REY
61,61,0,1405,26,sr:competitor:104421,"Mies, Andreas",Germany,51,DEU,MIE
62,62,0,1400,26,sr:competitor:16198,"Escobar, Gonzalo",Ecuador,51,ECU,ESC
63,63,0,1380,31,sr:competitor:81763,"Jacq, Gregoire",France,51,FRA,JAC
64,64,0,1355,43,sr:competitor:231090,"Arribage, Theo",France,51,FRA,ARR
65,65,0,1316,31,sr:competitor:52244,"Balaji, N. Sriram",India,51,IND,BAL
66,66,0,1315,30,sr:competitor:70348,"Goransson, Andre",Sweden,51,SWE,GOR
67,67,0,1290,11,sr:competitor:203681,"Korda, Sebastian",USA,51,USA,KOR
68,68,0,1285,35,sr:competitor:111195,"Luz, Orlando",Brazil,51,BRA,LUZ
69,69,0,1281,24,sr:competitor:121182,"Guinard, Manuel",France,51,FRA,GUI
70,70,0,1276,31,sr:competitor:16042,"Haase, Robin",Netherlands,51,NLD,HAA
71,71,0,1270,30,sr:competitor:17038,"Smith, John-Patrick",Australia,51,AUS,SMI
72,72,0,1178,34,sr:competitor:918463,"Bollipalli, Rithvik Choudary",India,51,IND,BOL
73,73,0,1160,29,sr:competitor:41475,"Arneodo, Romain",Monaco,51,MCO,ARN
74,74,0,1157,32,sr:competitor:204781,"Nouza, Petr",Czechia,51,CZE,NOU
75,75,0,1150,28,sr:competitor:152900,"Rikl, Patrik",Czechia,51,CZE,RIK
76,76,0,1145,33,sr:competitor:127646,"Cabral, Francisco",Portugal,51,PRT,CAB
77,77,0,1118,39,sr:competitor:23899,"King, Evan",USA,51,USA,KIN
78,78,0,1108,37,sr:competitor:223868,"Matuszewski, Piotr",Poland,51,POL,MAT
79,79,0,1097,31,sr:competitor:76361,"Kadhe, Arjun",India,51,IND,KAD
80,80,0,1073,42,sr:competitor:112969,"Schnaitter, Jakob",Germany,51,DEU,SCH
81,80,1,1073,42,sr:competitor:936355,"Wallner, Mark",Germany,51,DEU,WAL
82,82,0,1070,30,sr:competitor:16043,"Middelkoop, Matwe",Netherlands,51,NLD,MID
83,83,0,1031,34,sr:competitor:287215,"Seggerman, Ryan",USA,51,USA,SEG
84,84,0,1031,34,sr:competitor:52065,"Harrison, Christian",USA,51,USA,HAR
85,85,0,1015,9,sr:competitor:47975,"Hanfmann, Yannick",Germany,51,DEU,HAN
86,86,0,1015,30,sr:competitor:52263,"Hidalgo, Diego",Ecuador,51,ECU,HID
87,87,0,1005,12,sr:competitor:63438,"McDonald, Mackenzie",USA,51,USA,MCD
88,88,0,990,9,sr:competitor:129368,"Koepfer, Dominik",Germany,51,DEU,KOE
89,89,0,967,36,sr:competitor:16992,"Willis, Marcus",Great Britain,51,GBR,WIL
90,90,0,960,7,sr:competitor:57163,"Zverev, Alexander",Germany,51,DEU,ZVE
91,91,0,958,34,sr:competitor:1020797,"Trhac, Patrik",USA,51,USA,TRH
92,92,0,949,36,sr:competitor:98413,"Drzewiecki, Karol",Poland,51,POL,DRZ
93,93,0,948,39,sr:competitor:77653,"Cornea, Victor Vlad",Romania,51,ROU,COR
94,94,0,922,37,sr:competitor:73572,"Zormann, Marcelo",Brazil,51,BRA,ZOR
95,95,0,915,8,sr:competitor:871495,"Michelsen, Alex",USA,51,USA,MIC
96,96,0,892,19,sr:competitor:299130,"Hijikata, Rinky",Australia,51,AUS,HIJ
97,97,0,892,37,sr:competitor:147104,"Romios, Matthew Christopher",Australia,51,AUS,ROM
98,98,0,883,28,sr:competitor:60920,"Nedunchezhiyan, Jeevan",India,51,IND,NED
99,99,0,882,37,sr:competitor:16492,"Eysseric, Jonathan",France,51,FRA,EYS
100,100,0,880,41,sr:competitor:16823,"Romboli, Fernando",Brazil,51,BRA,ROM
101,101,0,875,15,sr:competitor:808628,"Shelton, Ben",USA,51,USA,SHE
102,102,0,871,35,sr:competitor:16854,"Molchanov, Denys",Ukraine,51,UKR,MOL
103,103,0,834,27,sr:competitor:113221,"Niklas-Salminen, Patrik",Finland,51,FIN,NIK
104,104,0,825,24,sr:competitor:47760,"Weissborn, Tristan-Samuel",Austria,51,AUT,WEI
105,105,0,811,30,sr:competitor:197678,"Tsitsipas, Petros",Greece,51,GRC,TSI
106,106,0,811,38,sr:competitor:121032,"Stalder, Reese",USA,51,USA,STA
107,107,0,772,36,sr:competitor:119150,"Fancutt, Thomas",Australia,51,AUS,FAN
108,108,0,762,33,sr:competitor:50037,"Bortolotti, Marco",Italy,51,ITA,BOR
109,109,0,760,12,sr:competitor:102151,"Tabilo, Alejandro",Chile,51,CHL,TAB
110,110,0,756,36,sr:competitor:145936,"Kaliyanda Poonacha, Niki",India,51,IND,KAL
111,111,0,754,30,sr:competitor:53759,"Prashanth, N. Vijay Sundar",India,51,IND,PRA
112,112,0,749,34,sr:competitor:234124,"Stevens, Bart",Netherlands,51,NLD,STE
113,113,0,733,38,sr:competitor:77011,"Martos Gornes, Sergio",Spain,51,ESP,MAR
114,114,0,732,19,sr:competitor:35766,"Begemann, Andre",Germany,51,DEU,BEG
115,115,0,730,13,sr:competitor:14508,"Mahut, Nicolas",France,51,FRA,MAH
116,116,0,722,36,sr:competitor:209202,"Chandrasekar, Anirudh",India,51,IND,CHA
117,117,0,720,15,sr:competitor:163480,"Bublik, Alexander",Kazakhstan,51,KAZ,BUB
118,118,0,710,23,sr:competitor:305776,"Soto, Matias",Chile,51,CHL,SOT
119,119,0,705,37,sr:competitor:157396,"Veldheer, Mick",Netherlands,51,NLD,VEL
120,120,0,701,36,sr:competitor:37637,"Zeballos, Federico",Bolivia,51,BOL,ZEB
121,120,0,701,36,sr:competitor:54609,"Arias, Boris",Bolivia,51,BOL,ARI
122,122,0,694,27,sr:competitor:16573,"Demoliner, Marcelo",Brazil,51,BRA,DEM
123,123,0,689,32,sr:competitor:42151,"Nam, Ji Sung",Republic of Korea,51,KOR,NAM
124,124,0,689,36,sr:competitor:69910,"Bergevi, Filip",Sweden,51,SWE,BER
125,125,0,684,37,sr:competitor:25458,"Martinez, Luis David",Venezuela,51,VEN,MAR
126,126,0,683,32,sr:competitor:44637,"Rodriguez, Cristian",Colombia,51,COL,ROC
127,127,0,658,23,sr:competitor:234044,"Kirkov, Vasil",USA,51,USA,KIR
128,128,0,650,2,sr:competitor:46391,"Struff, Jan-Lennard",Germany,51,DEU,STR
129,129,0,641,13,sr:competitor:134610,"Blumberg, William",USA,51,USA,BLU
130,130,0,636,29,sr:competitor:296270,"Stevenson, David",Great Britain,51,GBR,STE
131,131,0,636,32,sr:competitor:111607,"Ingildsen, Johannes",Denmark,51,DNK,ING
132,132,0,619,23,sr:competitor:263917,"Draxl, Liam",Canada,51,CAN,DRA
133,133,0,613,23,sr:competitor:146040,"Gomez, Federico Agustin",Argentina,51,ARG,GOM
134,134,0,612,27,sr:competitor:58877,"Ramanathan, Ramkumar",India,51,IND,RAM
135,135,0,602,20,sr:competitor:52951,"Pel, David",Netherlands,51,NLD,PEL
136,136,0,601,17,sr:competitor:405977,"Schoolkate, Tristan",Australia,51,AUS,SCH
137,137,0,600,20,sr:competitor:39712,"Saville, Luke",Australia,51,AUS,SAV
138,138,0,591,26,sr:competitor:243522,"Paul, Jakub",Switzerland,51,CHE,PAU
139,139,0,590,15,sr:competitor:122368,"Griekspoor, Tallon",Netherlands,51,NLD,GRI
140,140,0,590,16,sr:competitor:838776,"Tracy, James",USA,51,USA,TRA
141,141,0,580,30,sr:competitor:78387,"Hach Verdugo, Hans",Mexico,51,MEX,HAC
142,142,0,570,9,sr:competitor:90080,"Khachanov, Karen",Neutral,51,,KHA
143,143,0,566,19,sr:competitor:15809,"Martin, Fabrice",France,51,FRA,MAR
144,144,0,565,32,sr:competitor:95923,"Paris, Joshua",Great Britain,51,GBR,PAR
145,145,0,561,24,sr:competitor:119140,"Ellis, Blake",Australia,51,AUS,ELL
146,146,0,552,33,sr:competitor:15275,"Matsui, Toshihide",Japan,51,JPN,MAT
147,147,0,543,38,sr:competitor:256001,"Ho, Ray",Chinese Taipei,51,TPE,RAY
148,148,0,539,37,sr:competitor:52260,"Vega, David",Spain,51,ESP,VEG
149,149,0,537,32,sr:competitor:110707,"Pichler, David",Austria,51,AUT,PIC
150,150,0,536,34,sr:competitor:113889,"Liutarevich, Ivan",Neutral,51,,LIU
151,151,0,531,10,sr:competitor:393598,"Cash, Robert",USA,51,USA,CAS
152,152,0,522,23,sr:competitor:548169,"Yuzuki, Takeru",Japan,51,JPN,YUZ
153,153,0,521,15,sr:competitor:342826,"Trotter, James Kent",Japan,51,JPN,TRO
154,154,0,521,31,sr:competitor:92845,"Goldhoff, George",USA,51,USA,GOL
155,155,0,521,36,sr:competitor:98981,"Jecan, Mircea-Alexandru",Romania,51,ROU,JEC
156,156,0,520,21,sr:competitor:216502,"Broom, Charles",Great Britain,51,GBR,BRO
157,157,0,519,32,sr:competitor:96859,"Lock, Benjamin",Zimbabwe,51,ZWE,LOC
158,158,0,518,26,sr:competitor:195458,"Added, Dan",France,51,FRA,ADD
159,159,0,516,19,sr:competitor:450383,"Harper, Cleeve",Canada,51,CAN,HAR
160,160,0,509,36,sr:competitor:112061,"Walkow, Szymon",Poland,51,POL,WAL
161,161,0,495,13,sr:competitor:122366,"Tsitsipas, Stefanos",Greece,51,GRC,TSI
162,162,0,487,27,sr:competitor:240880,"Hilderbrand, Trey",USA,51,USA,HIL
163,163,0,486,33,sr:competitor:145008,"Uesugi, Kaito",Japan,51,JPN,UES
164,164,0,485,34,sr:competitor:50148,"Puttergill, Calum",Australia,51,AUS,PUT
165,165,0,480,5,sr:competitor:136042,"Fritz, Taylor",USA,51,USA,FRI
166,166,0,479,15,sr:competitor:530317,"Rincon, Daniel",Spain,51,ESP,RIN
167,167,0,472,27,sr:competitor:218344,"Lawson, Alex",USA,51,USA,LAW
168,168,0,465,22,sr:competitor:59700,"Isaro, Pruchya",Thailand,51,THA,ISA
169,169,0,465,28,sr:competitor:204495,"Vocel, Matej",Czechia,51,CZE,VOC
170,170,0,463,24,sr:competitor:124708,"Cukierman, Daniel",Israel,51,ISR,CUK
171,171,0,460,13,sr:competitor:43319,"Duran, Guillermo",Argentina,51,ARG,DUR
172,172,0,456,31,sr:competitor:297448,"Kiger, Mac",USA,51,USA,KIG
173,173,0,454,34,sr:competitor:84301,"Reese, Hunter",USA,51,USA,REE
174,174,0,453,16,sr:competitor:250231,"Shimizu, Yuta",Japan,51,JPN,SHI
175,175,0,453,28,sr:competitor:55745,"Negritu, Christoph",Germany,51,DEU,NEG
176,176,0,443,13,sr:competitor:64920,"Myneni, Saketh",India,51,IND,MYN
177,177,0,432,15,sr:competitor:428657,"Shelbayh, Abdullah",Jordan,51,JOR,SHE
178,178,0,429,27,sr:competitor:628218,"Karol, Milos",Slovakia,51,SVK,KAR
179,179,0,423,29,sr:competitor:390480,"Watanabe, Seita",Japan,51,JPN,WAT
180,180,0,422,23,sr:competitor:72420,"Merino, Alexander",Peru,51,PER,MER
181,181,0,420,5,sr:competitor:359602,"Musetti, Lorenzo",Italy,51,ITA,MUS
182,182,0,414,30,sr:competitor:58989,"Sabanov, Matej",Serbia,51,SRB,SAB
183,183,0,414,32,sr:competitor:55293,"Sabanov, Ivan",Serbia,51,SRB,SAB
184,184,0,413,34,sr:competitor:84671,"Britto, Luis",Brazil,51,BRA,BRI
185,185,0,406,25,sr:competitor:380004,"Harper, Patrick",Australia,51,AUS,HAR
186,186,0,402,14,sr:competitor:227358,"Walton, Adam",Australia,51,AUS,WAL
187,187,0,399,30,sr:competitor:263865,"Reynolds, Finn",New Zealand,51,NZL,REY
188,188,0,398,21,sr:competitor:141882,"Blancaneaux, Geoffrey",France,51,FRA,BLA
189,189,0,397,31,sr:competitor:297502,"Bayldon, Blake",Australia,51,AUS,BAY
190,190,0,393,24,sr:competitor:82579,"Uchida, Kaichi",Japan,51,JPN,UCH
191,191,0,390,5,sr:competitor:102339,"Van de Zandschulp, Botic",Netherlands,51,NLD,VAN
192,192,0,387,30,sr:competitor:155860,"Lock, Courtney John",Zimbabwe,51,ZWE,LOC
193,193,0,384,21,sr:competitor:25021,"Cervantes Huegun, Inigo",Spain,51,ESP,CER
194,194,0,382,23,sr:competitor:221556,"Alves, Mateus",Brazil,51,BRA,ALV
195,195,0,380,8,sr:competitor:108767,"Hassan, Benjamin",Lebanon,51,LBN,HAS
196,196,0,376,11,sr:competitor:284805,"Nava, Emilio",USA,51,USA,NAV
197,197,0,375,37,sr:competitor:422955,"Sanchez, Luca",France,51,FRA,SAN
198,198,0,370,29,sr:competitor:106395,"Ricca, Giorgio",Italy,51,ITA,RIC
199,199,1,367,11,sr:competitor:124930,"Safiullin, Roman",Neutral,51,,SAF
200,200,-1,364,39,sr:competitor:96629,"Duncan, Scott",Great Britain,51,GBR,DUN
201,201,0,362,27,sr:competitor:193930,"Sigouin, Benjamin",Canada,51,CAN,SIG
202,202,0,361,13,sr:competitor:100069,"Sachko, Vitaliy",Ukraine,51,UKR,SAC
203,203,0,360,7,sr:competitor:206879,"Eubanks, Christopher",USA,51,USA,EUB
204,204,0,360,7,sr:competitor:671637,"Fils, Arthur",France,51,FRA,FIL
205,205,0,360,10,sr:competitor:257721,"Baez, Sebastian",Argentina,51,ARG,BAE
206,206,0,360,17,sr:competitor:169496,"Etcheverry, Tomas Martin",Argentina,51,ARG,ETC
207,207,0,353,26,sr:competitor:163438,"Sun, Fajing",China,51,CHN,SUN
208,208,0,351,15,sr:competitor:284801,"Boyer, Tristan",USA,51,USA,BOY
209,209,0,348,36,sr:competitor:880089,"Pereira, Tiago",Portugal,51,PRT,PER
210,210,0,342,21,sr:competitor:145108,"Bertola, Remy",Switzerland,51,CHE,BER
211,211,0,339,15,sr:competitor:121122,"Freund, Simon",Sweden,51,SWE,FRE
212,212,0,338,16,sr:competitor:295508,"Vrbensky, Michael",Czechia,51,CZE,VRB
213,213,0,338,30,sr:competitor:120956,"Alcantara, Francis Casey",Philippines,51,PHL,ALC
214,214,0,336,30,sr:competitor:161448,"Jones, Ben",Great Britain,51,GBR,JON
215,215,0,335,16,sr:competitor:168420,"Andrade, Andres",Ecuador,51,ECU,AND
216,216,0,333,19,sr:competitor:17359,"Oswald, Philipp",Austria,51,AUT,OSW
217,217,1,331,16,sr:competitor:534043,"Darderi, Luciano",Italy,51,ITA,DAR
218,218,-1,331,34,sr:competitor:163538,"Donski, Alexander",Bulgaria,51,BGR,DON
219,219,0,329,24,sr:competitor:99377,"Kestelboim, Mariano",Argentina,51,ARG,KES
220,220,0,327,15,sr:competitor:82133,"Dellien, Murkel",Bolivia,51,BOL,DEV
221,221,1,324,17,sr:competitor:99043,"Wang, Aoran",China,51,CHN,WAN
222,222,1,318,22,sr:competitor:53483,"Masur, Daniel",Germany,51,DEU,MAS
223,223,1,316,19,sr:competitor:51974,"Daniell, Marcus",New Zealand,51,NZL,DAN
224,224,1,315,14,sr:competitor:255595,"Cerundolo, Francisco",Argentina,51,ARG,CER
225,225,1,314,27,sr:competitor:48225,"Dutra Da Silva, Daniel",Brazil,51,BRA,DUT
226,226,1,313,31,sr:competitor:96535,"Virgili, Augusto",Italy,51,ITA,VIR
227,227,-6,311,27,sr:competitor:85877,"Villanueva, Gonzalo",Argentina,51,ARG,VIL
228,228,0,311,27,sr:competitor:289021,"Charlton, Joshua",Australia,51,AUS,CHA
229,229,0,310,5,sr:competitor:132834,"Barrios Vera, Marcelo Tomas",Chile,51,CHL,BAR
230,230,1,304,17,sr:competitor:396126,"Barnat, Jiri",Czechia,51,CZE,BAR
231,231,1,303,35,sr:competitor:395828,"Saraiva Dos Santos, Paulo Andre",Brazil,51,BRA,SAR
232,232,1,301,16,sr:competitor:55787,"Olivo, Renzo",Argentina,51,ARG,OLI
233,233,1,301,22,sr:competitor:280601,"Oberleitner, Neil",Austria,51,AUT,OBE
234,234,1,300,7,sr:competitor:145112,"Huesler, Marc-Andrea",Switzerland,51,CHE,HUE
235,235,1,300,24,sr:competitor:185434,"Rodriguez Taverna, Santiago",Argentina,51,ARG,ROD
236,236,1,296,6,sr:competitor:603098,"Fery, Arthur",Great Britain,51,GBR,FER
237,237,1,296,18,sr:competitor:49548,"Manafov, Vladyslav",Ukraine,51,UKR,MAN
238,238,1,295,7,sr:competitor:496346,"Stricker, Dominic",Switzerland,51,CHE,STR
239,239,1,295,18,sr:competitor:77223,"Martinez, Pedro",Spain,51,ESP,MAR
240,240,1,294,20,sr:competitor:161868,"Huertas Del Pino, Connor",Peru,51,PER,HUE
241,241,1,294,28,sr:competitor:17046,"Statham, Rubin",New Zealand,51,NZL,STA
242,242,-12,293,18,sr:competitor:303808,"Nijboer, Ryan",Netherlands,51,NLD,NIJ
243,243,0,292,31,sr:competitor:348308,"Sheehy, Joshua",USA,51,USA,SHE
244,244,0,291,15,sr:competitor:49663,"Escoffier, Antoine",France,51,FRA,ESC
245,245,0,288,16,sr:competitor:99587,"Chung, Yun Seong",Republic of Korea,51,KOR,CHU
246,246,0,286,25,sr:competitor:77501,"Wehnelt, Kai",Germany,51,DEU,WEH
247,247,0,282,30,sr:competitor:853643,"Romano, Filippo",Italy,51,ITA,ROM
248,248,0,277,12,sr:competitor:539343,"Kym, Jerome",Switzerland,51,CHE,KYM
249,249,0,274,29,sr:competitor:79223,"Delaney, Jake",Australia,51,AUS,DEL
250,250,0,270,4,sr:competitor:352776,"Draper, Jack",Great Britain,51,GBR,DRA
251,251,0,270,6,sr:competitor:399637,"Cobolli, Flavio",Italy,51,ITA,COB
252,252,0,270,7,sr:competitor:89632,"Jarry, Nicolas",Chile,51,CHL,JAR
253,253,0,270,10,sr:competitor:125006,"Borges, Nuno",Portugal,51,PRT,BOR
254,254,0,270,24,sr:competitor:552469,"Agafonov, Egor",Neutral,51,,AGA
255,255,0,269,12,sr:competitor:682913,"Rocha, Henrique",Portugal,51,PRT,ROC
256,256,0,269,27,sr:competitor:161220,"Pavel, Bogdan",Romania,51,ROU,PAV
257,257,0,269,29,sr:competitor:310972,"Banthia, Siddhant",India,51,IND,BAN
258,258,0,265,38,sr:competitor:379924,"Whiting, Tennyson",USA,51,USA,WHI
259,259,0,260,7,sr:competitor:212004,"Rodionov, Jurij",Austria,51,AUT,ROD
260,260,0,260,11,sr:competitor:40540,"Cacic, Nikola",Serbia,51,SRB,CAC
261,261,1,258,9,sr:competitor:145122,"Martineau, Matteo",France,51,FRA,MAR
262,262,1,258,26,sr:competitor:686709,"Simakin, Ilia",Neutral,51,,SIM
263,263,1,257,11,sr:competitor:88992,"Muller, Alexandre",France,51,FRA,MUL
264,264,1,256,8,sr:competitor:156664,"TE, Rigele",China,51,CHN,RIG
265,265,1,256,24,sr:competitor:169492,"Aboian, Leonardo",Argentina,51,ARG,ABO
266,266,1,252,27,sr:competitor:103625,"Geerts, Michael",Belgium,51,BEL,GEE
267,267,1,252,32,sr:competitor:196672,"Davis, James",Great Britain,51,GBR,DAV
268,268,1,251,23,sr:competitor:398360,"Urrea, Andres",Colombia,51,COL,URR
269,269,3,248,40,sr:competitor:51304,"Stevenson, Kelsey",Canada,51,CAN,STE
270,270,0,247,21,sr:competitor:927343,"Cadenasso, Gianluca",Italy,51,ITA,CAD
271,271,0,247,27,sr:competitor:233144,"Duda, Filip",Czechia,51,CZE,DUD
272,272,1,245,5,sr:competitor:67154,"Barrere, Gregoire",France,51,FRA,BAR
273,273,-12,245,25,sr:competitor:116616,"Clarke, Jay",Great Britain,51,GBR,CLA
274,274,0,244,31,sr:competitor:217192,"Ouakaa, Aziz",Tunisia,51,TUN,OUA
275,275,0,242,13,sr:competitor:130436,"Habib, Hady",Lebanon,51,LBN,HAB
276,276,0,242,23,sr:competitor:498580,"Aboian, Valerio",Argentina,51,ARG,ABO
277,277,0,241,8,sr:competitor:94485,"Bonzi, Benjamin",France,51,FRA,BON
278,278,0,241,19,sr:competitor:305558,"Roncadelli, Franco",Uruguay,51,URY,RON
279,279,0,241,30,sr:competitor:322589,"Pujol Navarro, Bruno",Spain,51,ESP,PUJ
280,280,0,240,3,sr:competitor:167370,"Ruusuvuori, Emil",Finland,51,FIN,RUU
281,281,0,240,6,sr:competitor:104847,"Sonego, Lorenzo",Italy,51,ITA,SON
282,282,0,240,31,sr:competitor:154740,"Delaney, Jesse",Australia,51,AUS,DEL
283,283,0,238,20,sr:competitor:759900,"Lanik, Tomas",Slovakia,51,SVK,LAN
284,284,0,236,17,sr:competitor:180104,"Reymond, Arthur",France,51,FRA,REY
285,285,16,235,32,sr:competitor:308834,"Schachter, Noah",USA,51,USA,SCH
286,286,-1,233,12,sr:competitor:49417,"Tu, Li",Australia,51,AUS,TUL
287,287,-1,233,23,sr:competitor:170964,"Bittoun Kouzmine, Constantin",France,51,FRA,BIT
288,288,0,231,28,sr:competitor:154490,"Pearson, Kody",Australia,51,AUS,PEA
289,289,1,229,12,sr:competitor:93597,"Pellegrino, Andrea",Italy,51,ITA,PEL
290,290,1,229,16,sr:competitor:774476,"Debru, Gabriel",France,51,FRA,DEB
291,291,1,229,26,sr:competitor:154570,"Orlov, Vladyslav",Ukraine,51,UKR,ORL
292,292,1,228,23,sr:competitor:723013,"Pokorny, Lukas",Slovakia,51,SVK,POK
293,293,1,227,16,sr:competitor:38180,"Mena, Facundo",Argentina,51,ARG,MEN
294,294,-7,227,27,sr:competitor:126402,"Denolly, Corentin",France,51,FRA,DEN
295,295,0,226,26,sr:competitor:121248,"Roveri Sidney, Gabriel",Brazil,51,BRA,ROV
296,296,0,225,2,sr:competitor:57703,"Pouille, Lucas",France,51,FRA,POU
297,297,0,225,7,sr:competitor:15931,"Brown, Dustin",Jamaica,51,JAM,BRO
298,298,0,225,9,sr:competitor:51141,"Carballes Baena, Roberto",Spain,51,ESP,CAR
299,298,0,225,9,sr:competitor:392066,"Navone, Mariano",Argentina,51,ARG,NAV
300,300,0,225,11,sr:competitor:682911,"Faria, Jaime",Portugal,51,PRT,FAR
301,301,1,223,17,sr:competitor:50360,"Margaroli, Luca",Switzerland,51,CHE,MAR
302,302,1,223,26,sr:competitor:645442,"Genov, Anthony",Bulgaria,51,BGR,GEN
303,303,1,223,27,sr:competitor:126622,Ruehl. Tim,Germany,51,DEU,RUE
304,304,-15,222,20,sr:competitor:645452,"Nesterov, Pyotr",Bulgaria,51,BGR,NES
305,305,0,220,35,sr:competitor:767058,"Lobanov, Aleksandr",Neutral,51,,LOB
306,306,0,217,8,sr:competitor:226124,"Holmgren, August",Denmark,51,DNK,HOL
307,307,0,217,24,sr:competitor:312436,"Hudd, Emile",Great Britain,51,GBR,HUD
308,308,0,217,25,sr:competitor:130442,"Rai, Ajeet",New Zealand,51,NZL,RAI
309,309,0,216,14,sr:competitor:220588,"Hsu, Yu Hsiou",Chinese Taipei,51,TPE,HSU
310,310,0,214,16,sr:competitor:22962,"Jebavy, Roman",Czechia,51,CZE,JEB
311,311,0,214,17,sr:competitor:205767,"Cretu, Cezar (2001)",Romania,51,ROU,CRE
312,312,0,211,9,sr:competitor:113905,"Moreno de Alboran, Nicolas",USA,51,USA,MAN
313,313,0,211,24,sr:competitor:731833,"Kielan, Szymon",Poland,51,POL,KIE
314,314,1,207,17,sr:competitor:163540,"Hermans, Mats",Netherlands,51,NLD,HER
315,315,2,207,34,sr:competitor:412829,"Matsuda, Ryuki",Japan,51,JPN,MAT
316,316,3,205,10,sr:competitor:126356,"Munar, Jaume",Spain,51,ESP,MUN
317,317,1,205,29,sr:competitor:452787,"Kumar, Pranav",USA,51,USA,KUM
318,318,2,204,26,sr:competitor:437734,"Shin, Woobin",Republic of Korea,51,KOR,SHI
319,319,3,198,20,sr:competitor:614090,"Pieczonka, Filip",Poland,51,POL,PIE
320,320,-6,198,36,sr:competitor:124934,"Lomakin, Grigoriy",Kazakhstan,51,KAZ,LOM
321,321,3,197,37,sr:competitor:223788,"Stepanov, Roy",Israel,51,ISR,STE
322,322,1,195,31,sr:competitor:458575,"Agostini, Simone",Italy,51,ITA,AGO
323,323,2,192,7,sr:competitor:448357,"Spizzirri, Eliot",USA,51,USA,SPI
324,324,-3,192,21,sr:competitor:118166,"Bakshi, Aleksandre",Georgia,51,GEO,BAK
325,325,-9,192,27,sr:competitor:407791,"Mackinlay, James",Great Britain,51,GBR,MAC
326,326,1,189,28,sr:competitor:207777,"Imamura, Masamichi",Japan,51,JPN,IMA
327,327,1,186,24,sr:competitor:244388,"Kalyanpur, Adil",India,51,IND,KAL
328,328,3,185,23,sr:competitor:60614,"Poljak, David",Czechia,51,CZE,POL
329,329,0,185,28,sr:competitor:681071,"Ganta, Sai Karteek Reddy",India,51,IND,GAN
330,330,0,183,7,sr:competitor:121668,"Meligeni Alves, Felipe",Brazil,51,BRA,MEL
331,331,1,183,12,sr:competitor:286367,"Krutykh, Oleksii",Ukraine,51,UKR,KRU
332,332,1,180,3,sr:competitor:163504,"Medvedev, Daniil",Neutral,51,,MED
333,333,1,180,3,sr:competitor:429603,"Rune, Holger",Denmark,51,DNK,RUN
334,334,1,180,4,sr:competitor:225050,"Sinner, Jannik",Italy,51,ITA,SIN
335,335,1,180,8,sr:competitor:106755,"Rublev, Andrey",Neutral,51,,RUB
336,336,1,180,10,sr:competitor:83397,"Ofner, Sebastian",Austria,51,AUT,OFN
337,337,1,180,32,sr:competitor:202735,"Carou, Ignacio",Uruguay,51,URY,CAR
338,338,1,178,11,sr:competitor:655845,"Quinn, Ethan",USA,51,USA,QUI
339,339,1,178,26,sr:competitor:381022,"Wendelken, Harry",Great Britain,51,GBR,WEN
340,340,1,177,10,sr:competitor:671229,"Winter, Edward",Australia,51,AUS,WIN
341,341,-15,177,14,sr:competitor:263857,"De Krom, Michiel",Netherlands,51,NLD,DE
342,342,0,177,21,sr:competitor:138712,"Oradini, Giovanni",Italy,51,ITA,ORA
343,343,0,177,22,sr:competitor:193912,"Dev, S D Prajwal",India,51,IND,DEV
344,344,0,176,18,sr:competitor:65576,"Sakamoto, Pedro",Brazil,51,BRA,SAK
345,345,28,176,25,sr:competitor:280559,"Catini, Niccolo",Italy,51,ITA,CAT
346,346,-1,175,3,sr:competitor:44553,"Herbert, Pierre-Hugues",France,51,FRA,HER
347,347,-1,175,4,sr:competitor:90798,"Halys, Quentin",France,51,FRA,HAL
348,348,-1,175,8,sr:competitor:58369,"Bolt, Alex",Australia,51,AUS,BOL
349,349,-1,175,19,sr:competitor:111609,"Barroso Campos, Alberto",Spain,51,ESP,BAR
350,350,-1,173,10,sr:competitor:679701,"Gueymard Wayenburg, Sascha",France,51,FRA,GUE
351,351,-1,173,27,sr:competitor:220590,"Huang, Tsung-Hao",Chinese Taipei,51,TPE,HUA
352,352,-1,172,14,sr:competitor:52276,"Krueger, Mitchell",USA,51,USA,KRU
353,353,-1,172,14,sr:competitor:505542,"Grevelius, Erik",Sweden,51,SWE,GRE
354,354,-1,172,20,sr:competitor:51100,"Roca Batalla, Oriol",Spain,51,ESP,ROC
355,355,-1,172,22,sr:competitor:54903,"Karlovskiy, Evgeny",Neutral,51,,KAR
356,356,-1,171,5,sr:competitor:309954,"Droguet, Titouan",France,51,FRA,DRO
357,357,-1,171,35,sr:competitor:16852,"Uzhylovskyi, Volodoymyr",Ukraine,51,UKR,UZV
358,358,-1,170,7,sr:competitor:185388,"Humbert, Ugo",France,51,FRA,HUM
359,359,-1,169,8,sr:competitor:947875,"Zhou, Yi",China,51,CHN,ZHO
360,360,-1,169,18,sr:competitor:437794,"Heinonen, Adam",Sweden,51,SWE,HEI
361,361,-1,169,23,sr:competitor:452691,"Araujo, Pedro",Portugal,51,PRT,ARA
362,362,2,168,20,sr:competitor:855911,"Hrazdil, Jan",Czechia,51,CZE,HRA
363,363,-2,168,25,sr:competitor:739643,"Loof, Thijmen",Netherlands,51,NLD,LOO
364,364,-2,167,24,sr:competitor:95939,"Whitehouse, Mark",Great Britain,51,GBR,WHI
365,365,-2,166,12,sr:competitor:450283,"Mpetshi Perricard, Giovanni",France,51,FRA,MPE
366,366,0,163,11,sr:competitor:321667,"Mayot, Harold",France,51,FRA,MAY
367,367,0,163,15,sr:competitor:240264,"Reis Da Silva, Joao Lucas",Brazil,51,BRA,REI
368,368,0,163,20,sr:competitor:973963,"Watt, James",New Zealand,51,NZL,WAT
369,369,0,163,21,sr:competitor:194668,"Wenger, Damien",Switzerland,51,CHE,WEN
370,370,0,162,20,sr:competitor:385204,"Verbin, Pavel",Neutral,51,,VER
371,371,0,161,14,sr:competitor:214824,"Aguilar, Juan Carlos",Canada,51,CAN,AGU
372,372,0,161,21,sr:competitor:215696,"Schell, Niklas",Germany,51,DEU,SCH
373,373,28,160,20,sr:competitor:497320,"Visker, Niels",Netherlands,51,NLD,VIS
374,374,0,158,9,sr:competitor:79227,"Sinclair, Colin",Northern Mariana Islands,51,MNP,SIN
375,375,0,158,14,sr:competitor:43761,"Collarini, Andrea",Argentina,51,ARG,COL
376,376,0,158,25,sr:competitor:182086,"Bass, Finn",Great Britain,51,GBR,BAS
377,377,0,157,11,sr:competitor:378220,"Huertas Del Pino Cordova, Arklon",Peru,51,PER,HUE
378,378,0,156,20,sr:competitor:215492,"Cui, Jie",China,51,CHN,CUI
379,379,1,154,19,sr:competitor:48281,"Rungkat, Christopher",Indonesia,51,IDN,RUN
380,380,1,153,17,sr:competitor:620338,"Sharipov, Marat",Neutral,51,,SHA
381,381,-2,153,20,sr:competitor:785974,"La Serna, Juan Manuel",Argentina,51,ARG,LA
382,382,0,153,21,sr:competitor:76251,"Bobrov, Bogdan",Neutral,51,,BOB
383,383,0,152,8,sr:competitor:240876,"Crawford, Oliver",Great Britain,51,GBR,CRA
384,384,1,151,7,sr:competitor:57021,"Kovalik, Jozef",Slovakia,51,SVK,KOV
385,385,1,151,23,sr:competitor:64790,"Kalovelonis, Markos",Greece,51,GRC,KAL
386,386,4,151,32,sr:competitor:208123,"Maginley, Jody",Antigua and Barbuda,51,ATG,MAG
387,387,0,150,5,sr:competitor:294300,"Nakashima, Brandon",USA,51,USA,NAK
388,388,0,150,21,sr:competitor:287543,"Hulme, Matt",Australia,51,AUS,HUL
389,389,7,150,21,sr:competitor:951223,"Sanchez Quilez, Alejo",Spain,51,ESP,SAN
390,390,-6,150,24,sr:competitor:663757,"Jones, Maximus",Thailand,51,THA,JON
391,391,-26,150,27,sr:competitor:65992,"Paz, Juan Pablo",Argentina,51,ARG,PAZ
392,392,5,150,29,sr:competitor:156826,"van Wyk, Kris",South Africa,51,ZAF,VAN
393,393,12,148,25,sr:competitor:272245,"Latinovic, Stefan",Serbia,51,SRB,LAT
394,394,-3,147,8,sr:competitor:104967,"Brouwer, Gijs",Netherlands,51,NLD,BRO
395,395,-3,147,13,sr:competitor:205773,"Sanchez Jover, Carlos",Spain,51,ESP,SAN
396,396,-7,147,17,sr:competitor:50901,"Popko, Dmitry",Kazakhstan,51,KAZ,POP
397,397,-4,147,22,sr:competitor:435758,"Vanshelboim, Eric",Ukraine,51,UKR,VAN
398,398,-4,147,27,sr:competitor:229024,"Zahraj, Patrick",Germany,51,DEU,ZAH
399,399,-4,146,17,sr:competitor:93589,"Kellovsky, Dominik",Czechia,51,CZE,KEL
400,400,-2,145,11,sr:competitor:65606,"Agamenone, Franco",Italy,51,ITA,AGA
401,401,-2,145,15,sr:competitor:644676,"Milev, Yanaki",Bulgaria,51,BGR,MIL
402,402,-2,145,19,sr:competitor:138528,"Mejia, Nicolas",Colombia,51,COL,MEJ
403,403,-1,144,14,sr:competitor:345060,"Kingsley, Cannon",USA,51,USA,KIN
404,404,-1,144,15,sr:competitor:359608,"Maestrelli, Francesco",Italy,51,ITA,MAE
405,405,-1,144,15,sr:competitor:16781,"Sharan, Divij",India,51,IND,SHA
406,406,0,143,19,sr:competitor:439474,"Jermar, Jan",Czechia,51,CZE,JER
407,407,0,141,6,sr:competitor:307112,"Erel, Yanki",Turkiye,51,TUR,ERE
408,408,0,141,9,sr:competitor:132558,"Kolar, Zdenek",Czechia,51,CZE,KOL
409,409,0,141,19,sr:competitor:873679,"Bondioli, Federico",Italy,51,ITA,BON
410,410,0,140,4,sr:competitor:405969,"Paulson, Andrew",Czechia,51,CZE,PAU
411,411,0,139,12,sr:competitor:63642,"Kwiatkowski, Thai-Son",USA,51,USA,KWI
412,412,0,139,17,sr:competitor:251091,"Noguchi, Rio",Japan,51,JPN,NOG
413,413,0,139,18,sr:competitor:833418,"Del Pino, Mateo",Argentina,51,ARG,DEL
414,414,0,139,22,sr:competitor:57759,"Oliveira, Gonzalo",Venezuela,51,VEN,OLI
415,415,0,136,14,sr:competitor:215778,"Izquierdo Luque, Rafael",Spain,51,ESP,IZQ
416,416,0,136,21,sr:competitor:202681,"Marrero Curbelo, Ivan",Spain,51,ESP,MAR
417,417,0,135,1,sr:competitor:163636,"Klein, Lukas",Slovakia,51,SVK,KLE
418,418,0,135,7,sr:competitor:119248,"Ruud, Casper",Norway,51,NOR,RUU
419,419,0,135,8,sr:competitor:62488,"Harris, Andrew",Australia,51,AUS,HAR
420,420,0,135,10,sr:competitor:54573,"Coria, Federico",Argentina,51,ARG,COR
421,420,0,135,10,sr:competitor:161262,"Seyboth Wild, Thiago",Brazil,51,BRA,SEY
422,422,0,135,12,sr:competitor:144102,"Weis, Alexander",Italy,51,ITA,WEI
423,423,0,134,13,sr:competitor:242556,"McHugh, Aidan",Great Britain,51,GBR,MCH
424,424,0,134,16,sr:competitor:298118,"Summers, Matthew",Great Britain,51,GBR,SUM
425,425,0,133,5,sr:competitor:565070,"Monday, Johannus",Great Britain,51,GBR,MON
426,426,0,132,24,sr:competitor:119126,"Taylor, Adam (1991)",Australia,51,AUS,TAY
427,427,0,131,12,sr:competitor:210502,"Kopp, Sandro",Austria,51,AUT,KOP
428,428,0,131,21,sr:competitor:96239,"Durasovic, Viktor",Norway,51,NOR,DUR
429,429,0,129,11,sr:competitor:210592,"Ribeiro, Eduardo",Brazil,51,BRA,RIB
430,430,0,129,17,sr:competitor:54975,"Casanova, Hernan",Argentina,51,ARG,CAS
431,431,0,129,28,sr:competitor:418163,"Perfetti, Noah",Italy,51,ITA,PER
432,432,1,128,9,sr:competitor:177686,"Barranco Cosano, Javier",Spain,51,ESP,BAR
433,433,1,128,16,sr:competitor:186629,"Kirkin, Ergi",Turkiye,51,TUR,KIR
434,434,1,128,17,sr:competitor:199196,"Sanchez Izquierdo, Nikolas",Spain,51,ESP,SAI
435,435,1,128,18,sr:competitor:282183,"Rottoli, Lorenzo",Italy,51,ITA,ROT
436,436,1,127,12,sr:competitor:58783,"Song, Min-Kyu",Republic of Korea,51,KOR,SON
437,437,1,127,14,sr:competitor:564952,"Kusuhara, Yusuke",Japan,51,JPN,KUS
438,438,1,126,6,sr:competitor:213170,"Blanchet, Ugo",France,51,FRA,BLA
439,439,1,126,15,sr:competitor:15743,"Istomin, Denis",Uzbekistan,51,UZB,IST
440,440,1,126,16,sr:competitor:57327,"Domingues, Joao",Portugal,51,PRT,DOM
441,441,1,126,16,sr:competitor:180446,"Wessels, Louis",Germany,51,DEU,WES
442,442,8,126,20,sr:competitor:524256,"Beckley, Alec",South Africa,51,ZAF,BEC
443,443,0,126,22,sr:competitor:301896,"Ovcharenko, Oleksandr",Ukraine,51,UKR,OVC
444,444,0,125,7,sr:competitor:63606,"Rinderknech, Arthur",France,51,FRA,RIN
445,445,0,125,11,sr:competitor:60592,"Lee, Jeamoon",Republic of Korea,51,KOR,LEE
446,446,0,125,12,sr:competitor:111837,"Harris, Billy",Great Britain,51,GBR,HAR
447,447,0,124,11,sr:competitor:373348,"Pucinelli de Almeida, Matheus",Brazil,51,BRA,PDA
448,448,0,124,14,sr:competitor:252233,"Tang, Sheng",China,51,CHN,TAN
449,449,0,124,14,sr:competitor:114885,"Nikles, Johan",Switzerland,51,CHE,NIK
450,450,1,124,21,sr:competitor:137890,"Vale, Duarte",Portugal,51,PRT,VAL
451,451,1,123,19,sr:competitor:978579,"Ghazouani Durand, Yanis",France,51,FRA,GHA
452,452,7,123,21,sr:competitor:152898,"Gengel, Marek",Czechia,51,CZE,GEN
453,453,0,122,4,sr:competitor:71280,"Kokkinakis, Thanasi",Australia,51,AUS,KOK
454,454,0,121,10,sr:competitor:287541,"Sweeny, Dane",Australia,51,AUS,SWE
455,455,0,121,16,sr:competitor:684577,"Muller, Rik",Netherlands,51,NLD,MUL
456,456,0,121,18,sr:competitor:283759,"Chidekh, Clement",France,51,FRA,CHI
457,457,0,120,10,sr:competitor:938667,"Schwaerzler, Joel",Austria,51,AUT,SCH
458,458,0,119,19,sr:competitor:256375,"Jeong, Yeongseok",Republic of Korea,51,KOR,JEO
459,459,1,118,9,sr:competitor:387066,"Forejtek, Jonas",Czechia,51,CZE,FOR
460,460,2,118,12,sr:competitor:570833,"Rodriguez Rodriguez, Johan Alexander",Colombia,51,COL,ROD
461,461,2,118,21,sr:competitor:501410,"Hignett, Liam",Great Britain,51,GBR,HIG
462,462,2,118,28,sr:competitor:246745,"Tajima, Naoki",Japan,51,JPN,TAJ
463,463,2,117,11,sr:competitor:56361,"Sels, Jelle",Netherlands,51,NLD,SEL
464,464,2,117,12,sr:competitor:130438,"Ponwith, Nathan",USA,51,USA,PON
465,465,2,116,16,sr:competitor:269523,"Bax, Florent",France,51,FRA,BAX
466,466,-34,116,51,sr:competitor:759758,"Sakellaridis, Dimitris",Greece,51,GRC,SAK
467,467,1,115,2,sr:competitor:997473,"Bernet, Henry",Switzerland,51,CHE,BER
468,468,1,115,12,sr:competitor:107625,"Janvier, Maxime",France,51,FRA,JAN
469,469,1,115,24,sr:competitor:100317,"Turker, Mert Naci",Turkiye,51,TUR,TUR
470,470,1,115,29,sr:competitor:404753,"Saritas, Gokberk",Turkiye,51,TUR,SAR
471,471,1,114,17,sr:competitor:220932,"Shin, Sanhui",Republic of Korea,51,KOR,SHI
472,472,1,113,13,sr:competitor:686911,"Poljicak, Mili",Croatia,51,HRV,POL
473,473,1,113,17,sr:competitor:217038,"Seeman, Johannes",Estonia,51,EST,SEE
474,474,1,113,19,sr:competitor:976405,"Taguchi, Ryotaro",Japan,51,JPN,TAG
475,475,1,112,17,sr:competitor:403357,"Thayne, Wally",USA,51,USA,THA
476,476,1,112,19,sr:competitor:165234,"Vasa, Eero",Finland,51,FIN,VAS
477,477,1,112,20,sr:competitor:418167,"Garcian, Axel",France,51,FRA,GAR
478,478,1,111,3,sr:competitor:120926,"Libietis, Mikelis",Latvia,51,LVA,LIB
479,479,1,111,14,sr:competitor:101157,"Rybakov, Alex",USA,51,USA,RYB
480,480,1,111,17,sr:competitor:990785,"Zheng, Zhan",China,51,CHN,ZHE
481,481,1,111,19,sr:competitor:750283,"Isomura, Kokoro",Japan,51,JPN,ISO
482,482,1,111,21,sr:competitor:327067,"Beloborodko, Illya",Ukraine,51,UKR,BI
483,483,1,111,22,sr:competitor:812360,"Sueoka, Yamato",Japan,51,JPN,SUE
484,484,50,111,25,sr:competitor:322729,"Bueno Gil, Alvaro",Spain,51,ESP,BUE
485,485,0,110,3,sr:competitor:60502,"Karatsev, Aslan",Neutral,51,,KAR
486,486,-25,110,10,sr:competitor:617262,"Vincent Ruggeri, Samuel",Italy,51,ITA,VIN
487,487,-1,110,12,sr:competitor:112987,"Handel, Tim",Germany,51,DEU,HAN
488,488,-1,110,17,sr:competitor:294248,"Hellum Lilleengen, Lukas",Norway,51,NOR,HEL
489,489,-1,109,14,sr:competitor:269535,"Potenza, Luca",Italy,51,ITA,POT
490,490,-1,109,16,sr:competitor:161874,"Corwin, Felix",USA,51,USA,COR
491,491,-1,109,20,sr:competitor:867575,"Massard, Loann",France,51,FRA,MAS
492,492,-1,108,22,sr:competitor:181384,"Sinha, Nitin Kumar",India,51,IND,SIN
493,493,-1,107,8,sr:competitor:113859,"Bellier, Antoine",Switzerland,51,CHE,BEL
494,494,-1,107,14,sr:competitor:268725,"Ramskogler, Gregor",Austria,51,AUT,RAM
495,495,-1,107,15,sr:competitor:609146,"Okonkwo, Oliver",Great Britain,51,GBR,OKO
496,496,10,107,22,sr:competitor:115463,"Tiurnev, Evgenii",Neutral,51,,TIE
497,497,-2,106,8,sr:competitor:373852,"Zink, Tyler",USA,51,USA,ZIN
498,498,-2,106,9,sr:competitor:47767,"Lamasine, Tristan",France,51,FRA,LAM
499,499,-2,106,11,sr:competitor:801374,"Gea, Arthur",France,51,FRA,GEA
500,500,-2,105,12,sr:competitor:187695,"Kozlov, Boris",USA,51,USA,KOZ
501,1,0,9530,17,sr:competitor:72376,"Siniakova, Katerina",Czechia,51,CZE,SIN
502,2,0,8165,24,sr:competitor:74949,"Routliffe, Erin",New Zealand,51,NZL,ROU
503,3,0,6805,17,sr:competitor:43860,"Dabrowski, Gabriela",Canada,51,CAN,DAB
504,4,0,6165,20,sr:competitor:41520,"Kichenok, Lyudmyla",Ukraine,51,UKR,KIC
505,5,0,6108,15,sr:competitor:51387,"Townsend, Taylor",USA,51,USA,TOW
506,6,0,5948,15,sr:competitor:64496,"Ostapenko, Jelena",Latvia,51,LVA,OST
507,7,0,5506,18,sr:competitor:18936,"Hsieh, Su-Wei",Chinese Taipei,51,TPE,HSI
508,8,0,5430,17,sr:competitor:78551,"Mertens, Elise",Belgium,51,BEL,MER
509,9,0,5306,19,sr:competitor:19202,"Errani, Sara",Italy,51,ITA,ERR
510,10,0,5235,17,sr:competitor:69208,"Paolini, Jasmine",Italy,51,ITA,PAO
511,11,0,4858,23,sr:competitor:64021,"Krawczyk, Desirae",USA,51,USA,KRA
512,12,0,4670,26,sr:competitor:46084,"Melichar-Martinez, Nicole",USA,51,USA,MEL
513,13,0,4560,27,sr:competitor:119670,"Perez, Ellen",Australia,51,AUS,PER
514,14,0,4483,19,sr:competitor:123824,"Dolehide, Caroline",USA,51,USA,DOL
515,15,0,4348,24,sr:competitor:19932,"Muhammad, Asia",USA,51,USA,MUH
516,16,0,4250,26,sr:competitor:48625,"Chan, Hao-Ching",Chinese Taipei,51,TPE,CHA
517,17,0,4120,19,sr:competitor:66968,"Kudermetova, Veronika",Neutral,51,,KUD
518,18,0,3881,30,sr:competitor:47810,"Khromacheva, Irina",Neutral,51,,KHR
519,19,1,3726,23,sr:competitor:18354,"Mattek-Sands, Bethanie",USA,51,USA,MAT
520,20,-1,3688,24,sr:competitor:99131,"Bucsa, Cristina",Spain,51,ESP,BUC
521,21,0,3680,15,sr:competitor:37508,"Siegemund, Laura",Germany,51,DEU,SIE
522,22,0,3651,32,sr:competitor:69718,"Danilina, Anna",Kazakhstan,51,KAZ,DAN
523,23,0,3565,18,sr:competitor:91960,"Kenin, Sofia",USA,51,USA,KEN
524,24,0,3526,21,sr:competitor:50537,"Schuurs, Demi",Netherlands,51,NLD,SCH
525,25,0,3521,7,sr:competitor:373352,"Gauff, Coco",USA,51,USA,GAU
526,26,0,3210,14,sr:competitor:33593,"Mladenovic, Kristina",France,51,FRA,MLA
527,27,0,3142,28,sr:competitor:19607,"Zhang, Shuai",China,51,CHN,ZHA
528,28,0,3025,17,sr:competitor:96075,"Stefani, Luisa",Brazil,51,BRA,STE
529,29,0,2727,11,sr:competitor:60398,"Krejcikova, Barbora",Czechia,51,CZE,KRE
530,30,0,2669,29,sr:competitor:24431,"Panova, Alexandra",Neutral,51,,PAN
531,31,0,2635,5,sr:competitor:45835,"Hunter, Storm",Australia,51,AUS,HUN
532,32,0,2486,13,sr:competitor:289507,"Fernandez, Leylah Annie",Canada,51,CAN,FER
533,33,0,2346,29,sr:competitor:166124,"Olmos, Giuliana",Mexico,51,MEX,OLM
534,34,0,2346,24,sr:competitor:19655,"Niculescu, Monica",Romania,51,ROU,NIC
535,35,0,2340,29,sr:competitor:51481,"Sutjiadi, Aldila",Indonesia,51,IDN,SUT
536,36,0,2314,25,sr:competitor:153652,"Guo, Hanyu",China,51,CHN,GUO
537,37,0,2213,30,sr:competitor:66432,"Kato, Miyu",Japan,51,JPN,KAT
538,38,0,2209,28,sr:competitor:47801,"Eikeri, Ulrikke",Norway,51,NOR,EIK
539,39,0,2172,26,sr:competitor:129714,"Nicholls, Olivia",Great Britain,51,GBR,NIC
540,40,0,2150,26,sr:competitor:49682,"Kichenok, Nadiia",Ukraine,51,UKR,KIC
541,41,0,2080,30,sr:competitor:142996,"Mihalikova, Tereza",Slovakia,51,SVK,MIH
542,42,0,2033,13,sr:competitor:138452,"Shibahara, Ena",Japan,51,JPN,SHI
543,43,0,2031,29,sr:competitor:19974,"Xu, Yifan",China,51,CHN,YIF
544,44,0,1965,33,sr:competitor:70784,"Hozumi, Eri",Japan,51,JPN,HOZ
545,45,0,1935,10,sr:competitor:60392,"Sorribes Tormo, Sara",Spain,51,ESP,SOR
546,46,0,1931,25,sr:competitor:150122,"Jiang, Xinyu",China,51,CHN,JIA
547,47,0,1897,30,sr:competitor:43547,"Aoyama, Shuko",Japan,51,JPN,AOY
548,48,0,1857,9,sr:competitor:44834,"Pegula, Jessica",USA,51,USA,PEG
549,49,0,1837,17,sr:competitor:105463,"Bouzkova, Marie",Czechia,51,CZE,BOU
550,50,1,1732,14,sr:competitor:588071,"Shnaider, Diana",Neutral,51,,SHN
551,51,1,1726,33,sr:competitor:60668,"Ninomiya, Makoto",Japan,51,JPN,NIN
552,52,1,1720,35,sr:competitor:182178,"Wu, Fang-Hsien",Chinese Taipei,51,TPE,FAN
553,53,1,1677,17,sr:competitor:272217,"Wang, Xinyu",China,51,CHN,WAN
554,54,-4,1650,30,sr:competitor:61606,"Sizikova, Yana",Neutral,51,,SIZ
555,55,0,1646,11,sr:competitor:59702,"Haddad Maia, Beatriz",Brazil,51,BRA,HAD
556,56,0,1504,10,sr:competitor:103901,"Ruse, Elena-Gabriela",Romania,51,ROU,RUS
557,57,0,1485,13,sr:competitor:128584,"Samsonova, Liudmila",Neutral,51,,SAM
558,58,0,1448,21,sr:competitor:43102,"Babos, Timea",Hungary,51,HUN,BAB
559,59,0,1448,16,sr:competitor:67759,"Alexandrova, Ekaterina",Neutral,51,,ALE
560,60,0,1401,6,sr:competitor:278887,"Kostyuk, Marta",Ukraine,51,UKR,KOS
561,61,0,1399,16,sr:competitor:53789,"Dart, Harriet",Great Britain,51,GBR,DAR
562,62,0,1364,27,sr:competitor:19731,"Piter, Katarzyna",Poland,51,POL,PIT
563,63,0,1361,15,sr:competitor:23158,"Stephens, Sloane",USA,51,USA,STE
564,64,0,1350,13,sr:competitor:401055,"Noskova, Linda",Czechia,51,CZE,NOS
565,65,1,1339,18,sr:competitor:41524,"Krunic, Aleksandra",Serbia,51,SRB,KA
566,66,1,1332,15,sr:competitor:41404,"Watson, Heather",Great Britain,51,GBR,WAT
567,67,1,1329,14,sr:competitor:135854,"Neel, Ingrid",Estonia,51,EST,NEE
568,68,1,1329,10,sr:competitor:871583,"Andreeva, Mirra",Neutral,51,,AND
569,69,1,1312,11,sr:competitor:47697,"Zheng, Saisai",China,51,CHN,ZHE
570,70,1,1307,14,sr:competitor:549759,"Krueger, Ashlyn",USA,51,USA,KRU
571,71,1,1298,18,sr:competitor:157672,"Stollar, Fanny",Hungary,51,HUN,STO
572,72,-7,1297,32,sr:competitor:37504,"Kalashnikova, Oksana",Georgia,51,GEO,KAL
573,73,0,1297,15,sr:competitor:41877,"Yuan, Yue",China,51,CHN,YUA
574,74,0,1243,31,sr:competitor:52695,"Moratelli, Angelica",Italy,51,ITA,MOR
575,75,0,1235,15,sr:competitor:42289,"Linette, Magda",Poland,51,POL,LIN
576,76,0,1230,6,sr:competitor:42339,"Garcia, Caroline",France,51,FRA,GAR
577,77,1,1108,31,sr:competitor:215476,"Siskova, Anna",Czechia,51,CZE,SIS
578,78,1,1102,18,sr:competitor:256547,"Parks, Alycia",USA,51,USA,PAR
579,79,1,1068,14,sr:competitor:234150,"Potapova, Anastasia",Neutral,51,,POT
580,80,1,1064,27,sr:competitor:194106,"Tang, Qianhui",China,51,CHN,TAN
581,81,-4,1061,32,sr:competitor:69602,"Lumsden, Maia",Great Britain,51,GBR,LUM
582,82,0,1059,12,sr:competitor:252223,"Rakhimova, Kamilla",Neutral,51,,RAK
583,83,0,1044,13,sr:competitor:52025,"Wang, Yafan",China,51,CHN,WAN
584,84,0,1027,30,sr:competitor:71754,"Gamarra Martins, Ingrid",Brazil,51,BRA,GAM
585,85,0,992,10,sr:competitor:18298,"Zvonareva, Vera",Neutral,51,,ZVO
586,86,0,975,25,sr:competitor:73542,"Gleason, Quinn",USA,51,USA,GLE
587,87,0,971,17,sr:competitor:150574,"Bondar, Anna",Hungary,51,HUN,BON
588,88,0,961,16,sr:competitor:42492,"Kawa, Katarzyna",Poland,51,POL,KAW
589,89,0,954,29,sr:competitor:48451,"Cavalle-Reimers, Yvonne",Spain,51,ESP,CAV
590,90,0,944,32,sr:competitor:54175,"Zimmermann, Kimberley",Belgium,51,BEL,ZIM
591,91,0,932,15,sr:competitor:262759,"Wang, Xiyu",China,51,CHN,WAN
592,92,0,921,30,sr:competitor:44977,"Santamaria, Sabrina",USA,51,USA,SAN
593,93,0,919,31,sr:competitor:182054,"Skoch, Miriam",Czechia,51,CZE,SKO
594,94,0,888,32,sr:competitor:168526,"Appleton, Emily",Great Britain,51,GBR,APP
595,95,0,849,27,sr:competitor:173748,"Detiuc, Anastasia",Czechia,51,CZE,DET
596,96,0,832,32,sr:competitor:49907,"Murray Sharan, Samantha",Great Britain,51,GBR,MUS
597,97,0,819,30,sr:competitor:51651,"Rosatello, Camilla",Italy,51,ITA,ROS
598,98,0,807,17,sr:competitor:92879,"Shymanovich, Iryna",Neutral,51,,SHY
599,99,0,800,3,sr:competitor:228418,"Navarro, Emma",USA,51,USA,NAV
600,100,0,780,5,sr:competitor:19546,"Pavlyuchenkova, Anastasia",Neutral,51,,PAV
601,101,0,776,13,sr:competitor:192130,"Blinkova, Anna",Neutral,51,,BLI
602,102,0,776,8,sr:competitor:88310,"Sherif Ahmed Abdelaziz, Maiar",Egypt,51,EGY,SHE
603,103,0,776,9,sr:competitor:90664,"Kalinina, Anhelina",Ukraine,51,UKR,KAL
604,104,0,775,10,sr:competitor:286435,"Gadecki, Olivia",Australia,51,AUS,GAD
605,105,0,774,29,sr:competitor:45827,"Lechemia, Elixane",France,51,FRA,LEC
606,106,0,772,22,sr:competitor:227486,"Zantedeschi, Aurora",Italy,51,ITA,ZAN
607,107,0,770,35,sr:competitor:121760,"Anshba, Amina",Neutral,51,,ANS
608,108,0,768,5,sr:competitor:45902,"Sasnovich, Aliaksandra",Neutral,51,,SAS
609,109,0,758,19,sr:competitor:210558,"Jorge, Francisca",Portugal,51,PRT,JOR
610,110,0,757,33,sr:competitor:51943,"Strakhova, Valeriya",Ukraine,51,UKR,STR
611,111,0,755,8,sr:competitor:45545,"Putintseva, Yulia",Kazakhstan,51,KAZ,PUT
612,112,0,725,19,sr:competitor:52489,"Schoofs, Bibiane",Netherlands,51,NLD,SCH
613,113,0,721,17,sr:competitor:335171,"Uchijima, Moyuka",Japan,51,JPN,UCH
614,114,2,698,27,sr:competitor:53288,"Silva, Eden",Great Britain,51,GBR,SIL
615,115,3,697,10,sr:competitor:360038,"Stearns, Peyton",USA,51,USA,STE
616,116,1,697,23,sr:competitor:161270,"Salden, Lara",Belgium,51,BEL,SAL
617,117,-2,696,18,sr:competitor:453301,"Jorge, Matilde",Portugal,51,PRT,JOR
618,118,1,694,26,sr:competitor:378340,"Corley, Carmen",USA,51,USA,COR
619,119,1,685,14,sr:competitor:72450,"Hibino, Nao",Japan,51,JPN,HIB
620,120,1,684,23,sr:competitor:67430,"Cascino, Estelle",France,51,FRA,CAS
621,121,1,677,34,sr:competitor:418583,"Haverlag, Isabelle",Netherlands,51,NLD,HAV
622,122,1,672,8,sr:competitor:318195,"Parry, Diane",France,51,FRA,PAR
623,123,-9,672,24,sr:competitor:19847,"Rus, Arantxa",Netherlands,51,NLD,RUS
624,124,0,667,20,sr:competitor:369524,"Erjavec, Veronika",Slovenia,51,SVN,ERJ
625,125,0,662,24,sr:competitor:118096,"Papadakis, Lena",Germany,51,DEU,PAP
626,126,0,660,15,sr:competitor:235260,"Chwalinska, Maja",Poland,51,POL,CHW
627,127,0,646,32,sr:competitor:143140,"Aney, Jessie",USA,51,USA,ANE
628,128,0,646,20,sr:competitor:215598,"Vedder, Eva",Netherlands,51,NLD,VED
629,129,0,634,33,sr:competitor:628178,"Brooks, Madeleine",Great Britain,51,GBR,BRO
630,130,0,632,19,sr:competitor:303814,"Tikhonova, Anastasia",Neutral,51,,TIK
631,131,0,625,25,sr:competitor:50915,"Plipuech, Peangtarn",Thailand,51,THA,PLI
632,132,0,617,10,sr:competitor:64085,"Pigossi, Laura",Brazil,51,BRA,PIG
633,133,0,616,6,sr:competitor:373354,"Cocciaretto, Elisabetta",Italy,51,ITA,COC
634,134,0,602,25,sr:competitor:256447,"Monnet, Carole",France,51,FRA,MON
635,135,0,600,14,sr:competitor:771430,"Naef, Celine",Switzerland,51,CHE,NAE
636,136,0,597,18,sr:competitor:473609,"Kubka, Martyna",Poland,51,POL,KUB
637,137,0,592,18,sr:competitor:867519,"Tsao, Chia Yi",Chinese Taipei,51,TPE,TSA
638,138,0,583,25,sr:competitor:87090,"Chong, Eudice","Hong Kong, China",51,HKG,CHO
639,139,0,582,27,sr:competitor:98607,"Chang, Sophie",USA,51,USA,CHA
640,140,0,580,6,sr:competitor:179146,"Kalinskaya, Anna",Neutral,51,,KAL
641,141,1,565,13,sr:competitor:297588,"Romero Gormaz, Leyre",Spain,51,ESP,ROM
642,142,1,563,5,sr:competitor:67757,"Pera, Bernarda",USA,51,USA,PER
643,143,1,553,20,sr:competitor:226306,"Corley, Ivana",USA,51,USA,COR
644,144,1,553,30,sr:competitor:448121,"Rogers, Anna",USA,51,USA,ROG
645,145,1,552,26,sr:competitor:61526,"Thombare, Prarthana",India,51,IND,THO
646,146,1,548,9,sr:competitor:345070,"Arseneault, Ariana",Canada,51,CAN,ARS
647,147,1,541,14,sr:competitor:319455,"Baptiste, Hailey",USA,51,USA,BAP
648,148,-7,541,18,sr:competitor:108621,"Kempen, Magali",Belgium,51,BEL,KEM
649,149,1,540,32,sr:competitor:91916,"Grey, Sarah Beth",Great Britain,51,GBR,GRE
650,150,1,539,28,sr:competitor:189384,"Kulambayeva, Zhibek",Kazakhstan,51,KAZ,KUL
651,151,1,534,26,sr:competitor:46428,"Maleckova, Jesika",Czechia,51,CZE,MAL
652,152,1,532,20,sr:competitor:799304,"Pridankina, Elena",Neutral,51,,PRI
653,153,1,531,5,sr:competitor:152804,"Vondrousova, Marketa",Czechia,51,CZE,VON
654,154,1,531,13,sr:competitor:227390,"Brancaccio, Nuria",Italy,51,ITA,BRA
655,155,1,520,24,sr:competitor:208125,"Liang, En-Shuo",Chinese Taipei,51,TPE,LIA
656,156,2,517,17,sr:competitor:71284,"Bains, Naiktha",Great Britain,51,GBR,BAI
657,157,2,517,34,sr:competitor:46528,"Perrin, Conny",Switzerland,51,CHE,PER
658,158,2,508,9,sr:competitor:110803,"Minnen, Greet",Belgium,51,BEL,MIN
659,159,2,507,21,sr:competitor:568715,"Semenistaja, Darja",Latvia,51,LVA,SEM
660,160,-3,506,25,sr:competitor:92877,"Fossa Huergo, Nicole",Italy,51,ITA,FOS
661,161,1,505,17,sr:competitor:111189,"Zarazua, Renata",Mexico,51,MEX,ZAR
662,162,1,500,23,sr:competitor:235252,"Kozyreva, Maria",Neutral,51,,KOZ
663,163,1,495,24,sr:competitor:170880,"Kononova, Maria",Neutral,51,,KON
664,164,1,491,47,sr:competitor:325837,"Sakellaridi, Sapfo",Greece,51,GRC,SAK
665,165,1,487,26,sr:competitor:260987,"Osuigwe, Whitney",USA,51,USA,OSU
666,166,1,481,19,sr:competitor:190882,"Aiava, Destanee",Australia,51,AUS,AIA
667,167,1,478,17,sr:competitor:82609,"Grammatikopoulou, Valentini",Greece,51,GRC,GRA
668,168,1,477,16,sr:competitor:129534,"Hruncakova, Viktoria",Slovakia,51,SVK,HRU
669,169,-20,475,23,sr:competitor:137932,"Mikulskyte, Justina",Lithuania,51,LTU,MIK
670,170,0,472,24,sr:competitor:102637,"McAdoo, Rasheeda",USA,51,USA,MCA
671,171,0,467,29,sr:competitor:65610,"Wagner, Anita",Bosnia & Herzegovina,51,BIH,WAG
672,172,0,464,14,sr:competitor:147506,"Fourlis, Jaimee",Australia,51,AUS,FOU
673,173,0,463,25,sr:competitor:215806,"Hewitt, Dalayna",USA,51,USA,HEW
674,174,0,460,33,sr:competitor:88494,"Christie, Freya",Great Britain,51,GBR,CHR
675,175,0,456,20,sr:competitor:119216,"Herrero Linana, Alicia",Spain,51,ESP,HER
676,176,1,454,36,sr:competitor:41359,"Yashina, Ekaterina",Neutral,51,,YAS
677,177,1,452,23,sr:competitor:195408,"Shimizu, Ayano",Japan,51,JPN,SHI
678,178,1,451,5,sr:competitor:569013,"Fernandez, Bianca Jolie",Canada,51,CAN,FER
679,179,1,444,4,sr:competitor:133662,"Badosa, Paula",Spain,51,ESP,BAD
680,180,1,442,24,sr:competitor:245673,"Feng, Shuo",China,51,CHN,FEN
681,181,1,437,29,sr:competitor:805538,"Cross, Kayla",Canada,51,CAN,CRO
682,182,1,434,28,sr:competitor:143146,"Smith, Alana",USA,51,USA,SMI
683,183,5,430,19,sr:competitor:250285,"Falkowska, Weronika",Poland,51,POL,FAL
684,184,0,422,7,sr:competitor:608348,"Kupres, Mia",Canada,51,CAN,KUP
685,185,0,422,20,sr:competitor:206995,"Rosca, Christina",USA,51,USA,ROS
686,186,0,420,13,sr:competitor:49118,"Harrison, Catherine",USA,51,USA,HAR
687,187,-11,420,22,sr:competitor:119410,"Krywoj, Melany Solange",Argentina,51,ARG,KRY
688,188,-1,419,19,sr:competitor:52533,"Jakupovic, Dalila",Slovenia,51,SVN,JAK
689,189,0,404,12,sr:competitor:448081,"Noha Akugue, Noma",Germany,51,DEU,NOH
690,190,0,403,11,sr:competitor:160190,"Hartono, Arianne",Netherlands,51,NLD,HAR
691,191,0,403,21,sr:competitor:45139,"Papamichail, Despina",Greece,51,GRC,PAP
692,192,0,399,13,sr:competitor:52183,"Bara, Irina Maria",Romania,51,ROU,BARA
693,193,0,399,27,sr:competitor:97031,"Christofi, Eleni",Greece,51,GRC,CHR
694,194,0,396,11,sr:competitor:789688,"Ngounoue, Clervie",USA,51,USA,NGO
695,195,0,396,19,sr:competitor:73500,"Loeb, Jamie",USA,51,USA,LOE
696,196,0,395,24,sr:competitor:310984,"Sato, Naho",Japan,51,JPN,SAT
697,197,0,394,18,sr:competitor:183957,"Kobori, Momoko",Japan,51,JPN,KOB
698,198,0,393,22,sr:competitor:64315,"Kuwata, Hiroko",Japan,51,JPN,KUW
699,199,0,393,27,sr:competitor:244216,"Giavara, Haley",USA,51,USA,GIA
700,200,0,392,24,sr:competitor:378144,"Karatancheva, Lia",Bulgaria,51,BGR,KAR
701,201,0,386,19,sr:competitor:119874,"Ibbou, Ines",Algeria,51,DZA,IBB
702,202,0,385,12,sr:competitor:105099,"Birrell, Kimberly",Australia,51,AUS,BIR
703,203,0,384,21,sr:competitor:676251,"Wuerth, Tara",Croatia,51,HRV,WUR
704,204,0,382,33,sr:competitor:59762,"Barnett, Alicia",Great Britain,51,GBR,BAR
705,205,0,381,8,sr:competitor:242630,"Osorio, Camila",Colombia,51,COL,OSO
706,206,0,378,12,sr:competitor:26120,"Marino, Rebecca",Canada,51,CAN,MAR
707,207,0,377,8,sr:competitor:110299,"Zidansek, Tamara",Slovenia,51,SVN,ZID
708,208,0,375,18,sr:competitor:70728,"Bhosale, Rutuja",India,51,IND,BHO
709,209,0,374,19,sr:competitor:93657,"Karamoko, Naima",Switzerland,51,CHE,KAR
710,210,0,371,11,sr:competitor:120666,"Stojanovic, Nina",Serbia,51,SRB,STO
711,211,0,369,21,sr:competitor:137990,"Failla, Jessica",USA,51,USA,FAI
712,212,0,368,5,sr:competitor:72758,"Cristian, Jaqueline Adina",Romania,51,ROU,CRI
713,213,0,367,21,sr:competitor:414533,"Abbagnato, Anastasia",Italy,51,ITA,ABB
714,214,0,367,14,sr:competitor:416473,"Reyngold, Ekaterina",Neutral,51,,REY
715,215,0,365,5,sr:competitor:192108,"Yastremska, Dayana",Ukraine,51,UKR,YAS
716,216,0,365,7,sr:competitor:99405,"Inglis, Maddison",Australia,51,AUS,ING
717,217,0,364,31,sr:competitor:80427,"Osborne, Alexandra",Australia,51,AUS,OSB
718,218,0,364,21,sr:competitor:283489,"Imamura, Saki",Japan,51,JPN,IMA
719,219,0,361,20,sr:competitor:203893,"Kucmova, Aneta",Czechia,51,CZE,KUC
720,220,0,360,13,sr:competitor:762762,"Seidel, Ella",Germany,51,DEU,SEI
721,221,0,356,6,sr:competitor:40994,"Saville, Daria",Australia,51,AUS,SAV
722,222,0,354,23,sr:competitor:136372,"Parnaby, Alana",Australia,51,AUS,PAR
723,223,0,353,27,sr:competitor:46625,"Raina, Ankita",India,51,IND,RAI
724,224,0,352,15,sr:competitor:43527,"Kumkhum, Luksika",Thailand,51,THA,KUM
725,225,0,352,12,sr:competitor:87078,"Hourigan, Paige Mary",New Zealand,51,NZL,HOU
726,226,0,352,27,sr:competitor:99429,"Hule, Petra",Australia,51,AUS,HUL
727,227,0,352,19,sr:competitor:505998,"Zamarripa, Maribella",USA,51,USA,ZAM
728,228,0,351,21,sr:competitor:904005,"Ibragimova, Alevtina",Neutral,51,,IBR
729,229,0,350,10,sr:competitor:662615,"Salkova, Dominika",Czechia,51,CZE,SAL
730,230,0,349,17,sr:competitor:156040,"Cho, I-Hsuan",Chinese Taipei,51,TPE,CHO
731,230,0,349,17,sr:competitor:210670,"Cho, Yi Tsen",Chinese Taipei,51,TPE,CHO
732,232,0,348,13,sr:competitor:63220,"Ponchet, Jessika",France,51,FRA,PON
733,233,0,347,22,sr:competitor:499098,"Ito, Aoi",Japan,51,JPN,ITO
734,234,0,346,22,sr:competitor:148276,"Zheng, Wushuang",China,51,CHN,ZHE
735,235,0,344,7,sr:competitor:45584,"Zhu, Lin",China,51,CHN,ZHU
736,236,0,338,17,sr:competitor:292540,"Matsuda, Misaki",Japan,51,JPN,MAT
737,237,0,338,19,sr:competitor:385206,"Radisic, Nika",Slovenia,51,SVN,RAD
738,238,0,335,11,sr:competitor:627278,"Eala, Alexandra",Philippines,51,PHL,EAL
739,239,0,332,20,sr:competitor:776340,"Joint, Maya",Australia,51,AUS,JOI
740,241,0,332,9,sr:competitor:202363,"Sun, Lulu",New Zealand,51,NZL,SUN
741,242,0,329,9,sr:competitor:141892,"Carle, Maria",Argentina,51,ARG,CAR
742,243,0,328,6,sr:competitor:50655,"Friedsam, Anna-Lena",Germany,51,DEU,FRI
743,244,0,326,19,sr:competitor:763112,"Struplova, Julie",Czechia,51,CZE,STR
744,245,0,324,6,sr:competitor:172590,"Burrage, Jodie Anna",Great Britain,51,GBR,BUR
745,246,0,324,22,sr:competitor:282597,"Park, Sohyun",Republic of Korea,51,KOR,PAR
746,247,1,318,17,sr:competitor:192572,"Portillo Ramirez, Maria Jose",Mexico,51,MEX,POR
747,248,1,317,24,sr:competitor:181062,"Kung, Leonie",Switzerland,51,CHE,KUN
748,249,1,315,6,sr:competitor:675189,"Preston, Taylah",Australia,51,AUS,PRE
749,250,-3,315,27,sr:competitor:59213,"Perez Garcia, Maria Paulina",Colombia,51,COL,PER
750,251,0,314,17,sr:competitor:868599,"McDonald, Ella",Great Britain,51,GBR,MCD
751,252,6,314,21,sr:competitor:353358,"Tran, Lian",Netherlands,51,NLD,TRA
752,253,-1,314,25,sr:competitor:731441,"Vargova, Nina",Slovakia,51,SVK,VAR
753,254,-1,312,34,sr:competitor:233478,"Bayerlova, Michaela",Czechia,51,CZE,BAY
754,255,-1,312,35,sr:competitor:47985,"Marcinkevica, Diana",Latvia,51,LVA,MAR
755,256,-1,311,20,sr:competitor:79443,"Cabrera, Lizette",Australia,51,AUS,CAB
756,257,-1,309,17,sr:competitor:448613,"Falkner, Ziva",Slovenia,51,SVN,FAL
757,258,-1,308,22,sr:competitor:60028,"Zeballos Melgar, Noelia",Bolivia,51,BOL,ZEM
758,259,0,305,7,sr:competitor:210716,"Lamens, Suzan",Netherlands,51,NLD,LAM
759,260,0,303,20,sr:competitor:801396,"Gureva, Anastasiia",Neutral,51,,GUR
760,261,11,300,19,sr:competitor:222546,"Kuzmova, Katarina",Slovakia,51,SVK,KUZ
761,262,-1,299,10,sr:competitor:341216,"Charaeva, Alina",Neutral,51,,CHA
762,263,-1,294,4,sr:competitor:23082,"Rodionova, Arina",Australia,51,AUS,ROD
763,264,13,294,19,sr:competitor:152106,"Zaar, Lisa",Sweden,51,SWE,ZAA
764,265,-2,291,18,sr:competitor:343066,"Hosogi, Sakura",Japan,51,JPN,HOS
765,266,-2,290,5,sr:competitor:366114,"Avanesyan, Elina",Armenia,51,ARM,AVA
766,267,-2,289,17,sr:competitor:23688,"Moore, Tara",Great Britain,51,GBR,MOO
767,268,-2,289,22,sr:competitor:807358,"Rakotomanga Rajaonah, Tiantsoa Sarah",France,51,FRA,RAK
768,269,-2,288,20,sr:competitor:265553,"Naito, Yuki",Japan,51,JPN,NAI
769,270,-2,286,27,sr:competitor:447703,"Sato, Hikaru",Japan,51,JPN,SAT
770,271,-2,286,29,sr:competitor:409673,"Zelnickova, Radka",Slovakia,51,SVK,ZEL
771,272,-2,281,11,sr:competitor:110055,"Bronzetti, Lucia",Italy,51,ITA,BRO
772,273,-2,279,17,sr:competitor:132412,"Fita Boluda, Angela",Spain,51,ESP,FIT
773,274,-1,279,20,sr:competitor:496316,"Gimbrere, Jasmijn",Netherlands,51,NLD,GIM
774,275,-1,278,20,sr:competitor:567285,"Hietaranta, Laura",Finland,51,FIN,HIE
775,276,-1,278,21,sr:competitor:86894,"Shinde, Vasanti",India,51,IND,SHI
776,277,-1,274,20,sr:competitor:355958,"Visscher, Stephanie Judith",Netherlands,51,NLD,VIS
777,278,0,273,19,sr:competitor:673491,"Szabo, Briana",Romania,51,ROU,SZA
778,279,0,272,4,sr:competitor:845268,"Korneeva, Alina",Neutral,51,,KOR
779,280,0,272,15,sr:competitor:194572,"Dartron, Emeline",France,51,FRA,DAR
780,281,0,270,4,sr:competitor:62924,"Boulter, Katie",Great Britain,51,GBR,BOU
781,282,0,270,23,sr:competitor:46650,"Kolb, Nadia",Ukraine,51,UKR,KOL
782,282,0,270,23,sr:competitor:67194,"Kolb, Maryna",Ukraine,51,UKR,KOL
783,284,17,270,25,sr:competitor:233266,"Ovcharenko, Ekaterina",Neutral,51,,OVC
784,285,-1,269,13,sr:competitor:234398,"Nahimana, Sada",Burundi,51,BDI,NAH
785,286,-1,267,4,sr:competitor:75825,"Bektas, Emina",USA,51,USA,BEK
786,287,-1,267,18,sr:competitor:510530,"Abe, Hiromi",Japan,51,JPN,ABE
787,288,-1,267,20,sr:competitor:104929,"Tona, Miriana",Italy,51,ITA,TON
788,289,-1,266,17,sr:competitor:119496,"McPhee, Kaylah",Australia,51,AUS,MCP
789,290,-1,266,26,sr:competitor:290994,"Wong, Hong Yi Cody","Hong Kong, China",51,HKG,WON
790,291,-1,265,8,sr:competitor:69988,"Korpatsch, Tamara",Germany,51,DEU,KOR
791,292,-1,265,8,sr:competitor:755469,"Todoni, Anca Alexia",Romania,51,ROU,TOD
792,293,-1,264,18,sr:competitor:343294,"Kubanova, Karolina",Czechia,51,CZE,KUB
793,294,-1,262,23,sr:competitor:122668,"Daniel, Jaeda",USA,51,USA,DAN
794,295,-1,261,10,sr:competitor:812502,"Xu, Mingge",Great Britain,51,GBR,MIN
795,296,-1,258,17,sr:competitor:51315,"Anderson, Robin",USA,51,USA,AND
796,297,-1,258,17,sr:competitor:198498,"Hutchinson, Holly",Great Britain,51,GBR,HUT
797,298,-1,256,7,sr:competitor:115507,"Bolsova, Aliona",Spain,51,ESP,BOL
798,299,-1,256,16,sr:competitor:142942,"Bozovic, Alexandra",Australia,51,AUS,BOZ
799,300,-1,256,24,sr:competitor:870981,"Li, Yu-Yun",Chinese Taipei,51,TPE,YU-
800,301,-1,255,14,sr:competitor:278943,"Lansere, Sofya",Neutral,51,,LAN
801,302,0,254,12,sr:competitor:517274,"Rajecki, Amelia",Great Britain,51,GBR,RAJ
802,303,0,253,20,sr:competitor:202795,"Vismane, Daniela",Latvia,51,LVA,VIS
803,304,0,250,1,sr:competitor:242602,"McNally, Catherine",USA,51,USA,MCC
804,305,0,248,7,sr:competitor:41737,"Jang, Su Jeong",Republic of Korea,51,KOR,JAN
805,306,0,248,12,sr:competitor:48486,"Gorgodze, Ekaterine",Georgia,51,GEO,GOR
806,307,0,248,21,sr:competitor:70822,"Morisaki, Kanako",Japan,51,JPN,MOR
807,308,0,246,10,sr:competitor:337813,"Riera, Julia",Argentina,51,ARG,RIE
808,309,1,244,24,sr:competitor:395740,"Bhamidipaty, Shrivalli Rashmikaa",India,51,IND,BHA
809,310,1,241,10,sr:competitor:165866,"Miyazaki, Yuriko Lily",Great Britain,51,GBR,MIY
810,311,1,241,11,sr:competitor:54397,"Tig, Patricia Maria",Romania,51,ROU,TIG
811,312,1,239,20,sr:competitor:283483,"Kozaki, Funa",Japan,51,JPN,KOZ
812,313,1,238,14,sr:competitor:45900,"Marozava, Lidziya",Neutral,51,,MAR
813,314,1,238,13,sr:competitor:226092,"Shimizu, Eri",Japan,51,JPN,SHI
814,315,2,236,5,sr:competitor:225130,"Starodubtseva, Yuliia",Ukraine,51,UKR,STA
815,316,3,236,14,sr:competitor:145930,"Hayashi, Erina",Japan,51,JPN,HAY
816,317,3,236,25,sr:competitor:154806,"Laskutova, Ksenia",Russia,51,RUS,LAS
817,318,227,235,9,sr:competitor:319349,"Rouvroy, Margaux",France,51,FRA,ROU
818,319,2,234,24,sr:competitor:37638,"Sema, Erika",Japan,51,JPN,SEM
819,320,2,232,12,sr:competitor:106341,"Knutson, Gabriela",Czechia,51,CZE,KNU
820,321,2,232,16,sr:competitor:46273,"Dinu, Cristina",Romania,51,ROU,DIN
821,322,2,231,7,sr:competitor:51477,"Mitu, Andreea",Romania,51,ROU,MIT
822,323,4,230,10,sr:competitor:58053,"Sharma, Astra",Australia,51,AUS,SHA
823,324,37,230,16,sr:competitor:299258,"Bartone, Kamilla",Latvia,51,LVA,BAR
824,325,-9,229,13,sr:competitor:120664,"Pedretti, Thaisa Grana",Brazil,51,BRA,PED
825,326,2,229,18,sr:competitor:445209,"Xiao, Zhenghua",China,51,CHN,XIA
826,327,2,227,15,sr:competitor:49963,"Omae, Akiko",Japan,51,JPN,OMA
827,328,2,227,16,sr:competitor:285629,"Hindova, Denisa",Czechia,51,CZE,HIN
828,329,2,227,17,sr:competitor:138654,"Duerst, Jenny",Switzerland,51,CHE,DUE
829,330,2,225,4,sr:competitor:153860,"Trevisan, Martina",Italy,51,ITA,TRE
830,331,-5,224,20,sr:competitor:209716,"Mansouri, Yasmine",France,51,FRA,MAN
831,332,1,223,12,sr:competitor:194690,"Mateas, Maria",USA,51,USA,MAT
832,333,1,223,21,sr:competitor:61922,"Drazic, Mariana",Croatia,51,HRV,DRA
833,334,1,223,24,sr:competitor:63238,"Morderger, Yana",Germany,51,DEU,MOR
834,335,2,221,13,sr:competitor:337811,"Ortenzi, Jazmin",Argentina,51,ARG,ORT
835,336,2,221,17,sr:competitor:217036,"Malygina, Elena",Estonia,51,EST,MAL
836,337,2,220,16,sr:competitor:223862,"Laboutkova, Aneta",Czechia,51,CZE,LAB
837,338,2,220,15,sr:competitor:213140,"Lene, Emma",France,51,FRA,LEN
838,339,2,220,20,sr:competitor:513582,"Chaudhari, Vaidehi",India,51,IND,CHA
839,340,2,220,21,sr:competitor:282057,"Guo, Meiqi",China,51,CHN,GUO
840,341,2,220,21,sr:competitor:345134,"Lee, Ya-Hsin",Chinese Taipei,51,TPE,LEE
841,342,2,219,7,sr:competitor:137962,"Day, Kayla",USA,51,USA,DAY
842,343,2,219,18,sr:competitor:132988,"MA, Yexin",China,51,CHN,YEX
843,344,2,219,16,sr:competitor:936009,"van Emst, Sarah",Netherlands,51,NLD,VAN
844,345,2,219,20,sr:competitor:25822,"Shapatava, Sofia",Georgia,51,GEO,SHA
845,346,-28,218,27,sr:competitor:153744,"Pereira, Rebeca",Brazil,51,BRA,PER
846,347,2,217,3,sr:competitor:55401,"Jabeur, Ons",Tunisia,51,TUN,JAB
847,348,2,216,16,sr:competitor:731427,"Micic, Elena",Australia,51,AUS,MIC
848,349,2,215,11,sr:competitor:467037,"Kudermetova, Polina",Neutral,51,,KUD
849,350,2,215,11,sr:competitor:896765,"Ishii, Sayaka",Japan,51,JPN,ISH
850,351,2,215,19,sr:competitor:280989,"Kawamura, Mana",Japan,51,JPN,KAW
851,352,2,215,21,sr:competitor:849533,"Lin, Fang An",Chinese Taipei,51,TPE,LIN
852,353,2,215,22,sr:competitor:289093,"Belgraver, Julie",France,51,FRA,BEL
853,354,2,215,26,sr:competitor:213144,"Lemaitre, Tiphanie",France,51,FRA,LEM
854,355,2,212,12,sr:competitor:403329,"Toth, Amarissa Kiara",Hungary,51,HUN,TOT
855,356,2,211,13,sr:competitor:190870,"Collins, Ali",Great Britain,51,GBR,COL
856,357,2,209,11,sr:competitor:105063,"Gavrila, Oana",Romania,51,ROU,GAV
857,358,2,209,12,sr:competitor:1020177,"Huang, Yujia",China,51,CHN,HUA
858,359,5,209,24,sr:competitor:47876,"Shinikova, Isabella",Bulgaria,51,BGR,SHI
859,360,2,208,19,sr:competitor:254553,"Nagy, Adrienn",Hungary,51,HUN,NAG
860,361,2,207,8,sr:competitor:534045,"Gibson, Talia",Australia,51,AUS,GIB
861,362,4,204,12,sr:competitor:329009,"Ryser, Valentina",Switzerland,51,CHE,RYS
862,363,4,204,12,sr:competitor:588449,"Laskevich, Evialina",Neutral,51,,LAS
863,364,4,202,2,sr:competitor:341112,"Zakharova, Anastasia",Neutral,51,,ZAK
864,365,-40,202,14,sr:competitor:813490,"Hobgarski, Katharina",Germany,51,DEU,HOB
865,366,20,201,9,sr:competitor:586739,"Ambrosio, Silvia",Italy,51,ITA,AMB
866,367,3,200,21,sr:competitor:70970,"Bhatia, Riya",India,51,IND,BHA
867,368,3,199,15,sr:competitor:436690,"Tkacheva, Mariia",Neutral,51,,TKA
868,369,0,199,22,sr:competitor:315623,"Wang, Jiaqi",China,51,CHN,WAN
869,370,2,199,16,sr:competitor:906635,"Shubladze, Alexandra",Neutral,51,,SHU
870,371,2,199,23,sr:competitor:565020,"Maklakova, Ekaterina",Neutral,51,,MAK
871,372,2,199,25,sr:competitor:810694,"Okuwaki, Rinon",Japan,51,JPN,OKU
872,373,2,195,1,sr:competitor:132370,"Kasatkina, Daria",Neutral,51,,KAS
873,374,2,193,13,sr:competitor:960043,"Zolotareva, Rada",Neutral,51,,ZOL
874,375,2,192,16,sr:competitor:624838,"Shi, Han",China,51,CHN,SHI
875,376,2,192,19,sr:competitor:745799,"Urgesi, Federica",Italy,51,ITA,URG
876,377,2,191,12,sr:competitor:496378,"Yamazaki, Ikumi",Japan,51,JPN,YAM
877,378,2,191,24,sr:competitor:54983,"Morderger, Tayisiya",Germany,51,DEU,MOR
878,379,2,191,28,sr:competitor:99775,"Saigo, Yukina",Japan,51,JPN,SAI
879,380,2,189,4,sr:competitor:287769,"Kessler, McCartney",USA,51,USA,KES
880,381,2,189,14,sr:competitor:280635,"Schmidt, Antonia",Germany,51,DEU,SCH
881,382,-17,188,32,sr:competitor:59662,"Sanchez, Ana Sofia",Mexico,51,MEX,SAN
882,383,1,188,32,sr:competitor:315663,"Barry, Monique",New Zealand,51,NZL,BAR
883,384,1,187,21,sr:competitor:182056,"Robbe, Alice",France,51,FRA,ROB
884,385,2,187,10,sr:competitor:812476,"Zaytseva, Ksenia",Neutral,51,,ZAY
885,386,2,186,5,sr:competitor:499484,"Montgomery, Robin",USA,51,USA,MON
886,387,2,186,18,sr:competitor:42864,"Lizarazo, Yuliana",Colombia,51,COL,LIZ
887,388,2,186,12,sr:competitor:843378,"Perez Alarcon, Lucciana",Peru,51,PER,PER
888,389,381,185,11,sr:competitor:406199,"Jacquemot, Elsa",France,51,FRA,JAC
889,390,-81,185,24,sr:competitor:750329,"Candiotto, Ana",Brazil,51,BRA,CAN
890,391,0,184,2,sr:competitor:42459,"Rogers, Shelby",USA,51,USA,ROG
891,392,0,183,15,sr:competitor:164852,"Okalova, Martina",Slovakia,51,SVK,OKA
892,393,5,183,25,sr:competitor:158636,"Prisacariu, Andreea",Romania,51,ROU,PRI
893,394,51,183,13,sr:competitor:750327,"Iatcenko, Polina",Neutral,51,,IAT
894,395,-2,181,5,sr:competitor:245295,"Waltert, Simona",Switzerland,51,CHE,WAL
895,396,-2,181,10,sr:competitor:431743,"Okutoyi, Angella",Kenya,51,KEN,OKU
896,397,-2,179,6,sr:competitor:41355,"Bogdan, Ana",Romania,51,ROU,BOG
897,398,-2,179,7,sr:competitor:60276,"Podoroska, Nadia",Argentina,51,ARG,POD
898,399,33,179,26,sr:competitor:20158,"Webley-Smith, Emily",Great Britain,51,GBR,WEB
899,400,-1,177,22,sr:competitor:152762,"Kuczer, Daria",Poland,51,POL,KUC
900,401,-1,175,22,sr:competitor:435794,"Zolotareva, Anastasia",Neutral,51,,ZOL
901,402,-1,174,16,sr:competitor:348196,"Amariei, Ilinca Dalina",Romania,51,ROU,AMA
902,403,-1,174,14,sr:competitor:196664,"Shalimova, Ekaterina",Neutral,51,,SHA
903,404,-1,173,22,sr:competitor:206957,"Nagata, Anri",Japan,51,JPN,NAG
904,405,-1,172,30,sr:competitor:80723,"Herazo Gonzalez, Maria Fernanda",Colombia,51,COL,HER
905,406,-1,172,5,sr:competitor:728549,"Valentova, Tereza",Czechia,51,CZE,VAL
906,407,9,172,21,sr:competitor:741607,"Simunyu, Celine",Ireland,51,IRL,SIM
907,408,-2,172,23,sr:competitor:66516,"Ayukawa, Mana",Japan,51,JPN,AYU
908,409,-2,171,4,sr:competitor:48455,"Golubic, Viktorija",Switzerland,51,CHE,GOL
909,410,-2,170,9,sr:competitor:202623,"Zavatska, Katarina",Ukraine,51,UKR,ZAV
910,411,-2,169,16,sr:competitor:1020859,"Pawlikowska,  Zuzanna",Poland,51,POL,PAW
911,412,-2,166,23,sr:competitor:72634,"Ozeki, Michika",Japan,51,JPN,OZE
912,413,-2,165,3,sr:competitor:18588,"Safarova, Lucie",Czechia,51,CZE,SAF
913,414,-2,164,8,sr:competitor:264117,"Bolton, Elysia",Australia,51,AUS,BOL
914,415,-2,164,8,sr:competitor:720625,"Radivojevic, Lola",Serbia,51,SRB,RAD
915,416,-2,164,19,sr:competitor:330689,"Kovapitukted, Punnin",Thailand,51,THA,KOV
916,417,-2,163,13,sr:competitor:282219,"Sakatsume, Himeno",Japan,51,JPN,SAK
917,418,-1,162,2,sr:competitor:45915,"Yang, Zhaoxuan",China,51,CHN,YAN
918,419,-1,162,5,sr:competitor:47948,"Rosolska, Alicja",Poland,51,POL,ROS
919,420,-72,162,13,sr:competitor:43196,"Dzalamidze, Natela",Georgia,51,GEO,DZA
920,421,-1,160,8,sr:competitor:41374,"Tomova, Viktoriya",Bulgaria,51,BGR,TOM
921,422,-1,160,29,sr:competitor:78785,"Rodriguez, Victoria",Mexico,51,MEX,ROD
922,423,-1,160,20,sr:competitor:782216,"Drugdova, Salma",Slovakia,51,SVK,DRU
923,424,-1,159,5,sr:competitor:19876,"Wickmayer, Yanina",Belgium,51,BEL,WIC
924,425,-1,159,8,sr:competitor:153748,"Jones, Makenna",USA,51,USA,JON
925,426,-1,159,10,sr:competitor:98523,"Ye, Qiu Yu",China,51,CHN,QIU
926,427,-1,159,14,sr:competitor:119664,"Smith, Alicia",Australia,51,AUS,SMI
927,428,-1,159,18,sr:competitor:389048,"Weckerle, Marie",Luxembourg,51,LUX,WEC
928,429,-1,159,33,sr:competitor:341238,"Boehner, Laura",Germany,51,DEU,BOE
929,430,6,158,25,sr:competitor:171354,"Romero, Camila",Ecuador,51,ECU,ROM
930,431,-2,158,29,sr:competitor:201105,"Yuan, Chengyiyi",China,51,CHN,YUA
931,432,-2,157,12,sr:competitor:52388,"Hesse, Amandine",France,51,FRA,HES
932,433,-2,157,14,sr:competitor:64606,"Cabaj Awad, Jacqueline",Sweden,51,SWE,CAB
933,434,-1,156,12,sr:competitor:655811,"Avdeeva, Julia",Neutral,51,,AVD
934,435,-1,155,15,sr:competitor:677411,"Barrera Aguirre, Isabella",USA,51,USA,BAR
935,436,-17,155,17,sr:competitor:88290,"Bejenaru, Karola Patricia",Romania,51,ROU,BEJ
936,437,0,153,6,sr:competitor:134532,"You, Xiaodi",China,51,CHN,YOU
937,438,0,152,5,sr:competitor:34486,"Tomljanovic, Ajla",Australia,51,AUS,TOM
938,439,0,152,6,sr:competitor:49358,"Pattinama Kerkhove, Lesley",Netherlands,51,NLD,PAK
939,440,0,152,21,sr:competitor:98105,"Matoula, Martha",Greece,51,GRC,MAT
940,441,0,151,12,sr:competitor:58423,"Stevanovic, Natalija",Serbia,51,SRB,STE
941,442,-45,151,18,sr:competitor:78431,"Lodikova, Daria",Neutral,51,,LOD
942,443,8,151,18,sr:competitor:827440,"Fedorova, Aglaya",Neutral,51,,FED
943,444,-108,150,21,sr:competitor:569009,"Ccuno, Romina",Peru,51,PER,CCU
944,445,-10,150,10,sr:competitor:261313,"Mikhaylova, Victoria",Neutral,51,,MIK
945,446,-4,150,14,sr:competitor:221510,"Chiesa, Enola",Italy,51,ITA,CHI
946,447,-4,150,21,sr:competitor:766176,"Di Girolami, Tilwith",Belgium,51,BEL,DI
947,448,-4,149,5,sr:competitor:90814,"Teichmann, Jil",Switzerland,51,CHE,TEI
948,449,-3,149,23,sr:competitor:111149,"Samir, Sandra",Egypt,51,EGY,SAM
949,450,-3,148,12,sr:competitor:840734,"Walker, Brandy",USA,51,USA,WAL
950,451,-3,147,16,sr:competitor:133080,"Hinojosa Gomez, Jessica",Mexico,51,MEX,HIN
951,452,-3,147,4,sr:competitor:153736,"Glushko, Lina",Israel,51,ISR,GLU
952,453,-3,146,5,sr:competitor:535801,"Schunk, Nastasja",Germany,51,DEU,SCH
953,454,-2,145,8,sr:competitor:103375,"Serban, Raluca Georgiana",Cyprus,51,CYP,SER
954,455,-2,145,21,sr:competitor:371556,"Jeong, Boyoung",Republic of Korea,51,KOR,JEO
955,456,-1,144,14,sr:competitor:262023,"Wang, Meiling",China,51,CHN,WAN
956,457,-1,144,7,sr:competitor:54171,"Benoit, Marie",Belgium,51,BEL,BEN
957,458,-1,144,21,sr:competitor:873729,"Bojica, Stefania",Romania,51,ROU,BOJ
958,459,-1,143,5,sr:competitor:517296,"Falei, Aliona",Neutral,51,,FAL
959,460,-1,143,17,sr:competitor:246945,"Da Silva Fick, Gabriella",Australia,51,AUS,DA
960,461,-7,143,24,sr:competitor:171026,"Tsygourova, Katerina",Switzerland,51,CHE,TSY
961,462,-2,142,12,sr:competitor:1027517,"Ebeling Koning, Loes",Netherlands,51,NLD,EBE
962,463,-2,142,14,sr:competitor:838900,"Bowers, Ashton",USA,51,USA,BOW
963,464,-2,142,17,sr:competitor:341196,"Back, Dayeon",Republic of Korea,51,KOR,BAC
964,465,-2,141,3,sr:competitor:19704,"Martic, Petra",Croatia,51,HRV,MAR
965,466,-2,141,7,sr:competitor:71730,"Kulikov, Angela",USA,51,USA,KUL
966,467,-2,141,8,sr:competitor:97413,"Ostlund, Fanny",Sweden,51,SWE,OST
967,468,-2,141,19,sr:competitor:380368,"Sebestova, Ivana",Czechia,51,CZE,SEB
968,469,-2,140,2,sr:competitor:124804,"Masarova, Rebeka",Spain,51,ESP,MAS
969,470,28,140,21,sr:competitor:522848,"Rocchetti, Sofia",Italy,51,ITA,ROC
970,471,-3,139,20,sr:competitor:831262,"Yamalapalli, Sahaja",India,51,IND,YAM
971,472,-3,139,26,sr:competitor:185412,"Labrana, Fernanda",Chile,51,CHL,LAB
972,473,-3,139,15,sr:competitor:230108,"McGiffin, Tenika",Australia,51,AUS,MCG
973,474,-3,139,20,sr:competitor:157368,"Kazionova, Ekaterina",Neutral,51,,KAZ
974,475,-3,138,17,sr:competitor:522258,"Ricci, Beatrice",Italy,51,ITA,RIC
975,476,-3,138,9,sr:competitor:880229,"Cayetano, Eryn",USA,51,USA,CAY
976,477,-2,138,12,sr:competitor:842594,"Li, Zongyu",China,51,CHN,ZON
977,478,-4,138,14,sr:competitor:583869,"Pavlou, Dimitra",Greece,51,GRC,PAV
978,479,-3,136,11,sr:competitor:158690,"Vasilescu, Arina Gabriela",Romania,51,ROU,VAS
979,480,-3,136,16,sr:competitor:476218,"Kawaguchi, Natsumi",Japan,51,JPN,KAW
980,481,-3,135,6,sr:competitor:779706,"Hovde, Liv",USA,51,USA,HOV
981,482,-3,135,12,sr:competitor:739667,"Pedone, Giorgia",Italy,51,ITA,PED
982,483,-3,135,10,sr:competitor:342788,"Curmi, Francesca",Malta,51,MLT,CUR
983,484,-3,135,23,sr:competitor:291008,"Aikawa, Mayuka",Japan,51,JPN,AIK
984,485,12,134,18,sr:competitor:511932,"Kovaleva, Anastasia",Neutral,51,,KOV
985,486,-4,133,18,sr:competitor:248717,"Koshiishi, Ayumi",Japan,51,JPN,KOS
986,487,0,133,23,sr:competitor:265743,"Burdina, Evgeniya",Neutral,51,,BUR
987,488,-5,132,8,sr:competitor:46661,"Gamiz, Andrea",Venezuela,51,VEN,GAM
988,489,-5,132,10,sr:competitor:380396,"Kalieva, Elvina",USA,51,USA,KAL
989,490,-5,132,10,sr:competitor:79315,"Colmegna, Martina",Italy,51,ITA,COL
990,491,-5,131,13,sr:competitor:915371,"van Den Broek, Isis Louise",Netherlands,51,NLD,VAN
991,492,-4,130,11,sr:competitor:784280,"Prozorova, Tatiana",Neutral,51,,PRO
992,493,-4,130,16,sr:competitor:751899,"Brace, Cadence",Canada,51,CAN,BRA
993,494,-4,130,20,sr:competitor:96981,"Xun, Fang Ying",China,51,CHN,XUN
994,495,-4,129,4,sr:competitor:46651,"Melnikova, Marina",Neutral,51,,MEL
995,496,-3,129,14,sr:competitor:675193,"Costoulas, Sofia",Belgium,51,BEL,COS
996,497,-5,129,15,sr:competitor:827398,"Stankovic, Anja",Serbia,51,SRB,STA
997,498,-4,128,4,sr:competitor:100341,"Bolkvadze, Mariam",Georgia,51,GEO,BOL
998,499,-4,128,9,sr:competitor:686597,"Pavlova, Kira",Neutral,51,,PAV
999,500,-4,128,10,sr:competitor:833330,"Grechkina, Anastasia",Neutral,51,,GRE
1000,502,-2,126,4,sr:competitor:39425,"Savinykh, Valeria",Neutral,51,,SAV
